Age,Income,Eco_Awareness,Event_Frequency,Online_Shopper,Preferred_Product,Monthly_Spend,Purchase_Intent
56,Medium,1,0,1,Spoons,286.4,0
46,Low,4,6,1,Spoons,776.53,1
32,Medium,5,7,0,Trays,885.71,1
25,Medium,5,6,1,Trays,874.73,1
38,Low,4,3,1,Spoons,660.44,1
56,Medium,5,7,1,Plates,952.91,1
36,Low,2,4,0,Bowls,480.33,0
40,High,4,9,0,Bowls,854.54,1
28,Medium,2,8,1,Combo Pack,723.52,1
28,High,2,9,1,Combo Pack,848.62,1
41,Medium,3,4,1,Bowls,623.21,0
53,Low,4,0,1,Spoons,530.46,1
57,Medium,5,8,0,Spoons,1028.62,1
41,High,2,4,1,Trays,519.85,0
20,Medium,3,5,0,Trays,696.58,0
39,High,4,3,0,Combo Pack,669.77,0
19,High,4,5,0,Bowls,734.37,1
41,Low,1,7,1,Spoons,510.2,1
47,Low,1,2,0,Bowls,287.55,0
55,Medium,2,4,0,Plates,515.71,0
19,Medium,1,1,1,Bowls,234.2,0
38,High,2,1,1,Plates,365.72,0
50,High,5,6,1,Trays,921.96,1
29,Low,2,9,0,Trays,791.66,0
39,Low,1,9,1,Combo Pack,714.14,1
42,Medium,5,9,0,Bowls,1053.9,1
44,Low,1,5,0,Bowls,384.61,0
59,High,2,3,1,Plates,432.74,0
45,Medium,3,4,0,Trays,602.2,0
33,Medium,4,0,0,Plates,408.21,0
32,Low,1,6,0,Trays,569.43,0
20,Medium,2,7,0,Plates,657.12,0
54,Medium,5,8,1,Trays,1019.07,1
24,Medium,1,7,0,Plates,618.28,0
38,Low,1,4,1,Trays,368.49,0
26,Medium,4,2,0,Plates,628.7,0
56,High,2,9,0,Bowls,744.51,0
35,Low,3,8,1,Combo Pack,790.8,1
21,Low,5,5,0,Plates,811.39,1
42,Low,2,4,0,Combo Pack,583.28,0
31,Medium,5,2,0,Bowls,681.22,0
26,Medium,1,5,0,Bowls,484.97,0
43,Medium,4,2,0,Trays,506.25,0
19,Low,4,9,0,Combo Pack,1009.0,1
37,Low,3,5,1,Spoons,702.61,1
45,Medium,4,3,1,Trays,654.87,1
24,Medium,1,1,1,Combo Pack,238.65,0
25,High,3,7,0,Plates,770.0,0
52,Low,2,3,0,Plates,564.44,0
31,Medium,4,8,0,Bowls,811.84,1
34,Medium,3,6,1,Spoons,739.1,1
53,Medium,1,1,0,Plates,204.42,0
57,Medium,5,3,1,Combo Pack,749.0,1
21,Medium,5,4,0,Combo Pack,787.61,0
19,High,1,2,0,Plates,278.58,0
23,Low,1,8,0,Combo Pack,599.48,0
59,Low,5,4,1,Combo Pack,743.29,1
21,Medium,3,1,0,Bowls,501.46,0
46,Medium,5,2,1,Spoons,610.29,1
35,Low,1,8,0,Bowls,626.99,0
43,Low,4,6,0,Spoons,783.67,1
51,Low,2,1,1,Combo Pack,291.45,0
27,High,4,8,0,Spoons,910.12,1
53,Low,4,3,0,Combo Pack,572.15,0
31,Low,1,8,0,Combo Pack,601.99,0
48,Low,5,1,0,Bowls,578.86,0
32,Low,3,9,1,Bowls,873.06,1
25,Low,4,3,1,Trays,603.78,1
31,Medium,5,4,0,Plates,777.45,0
40,Low,3,1,0,Trays,464.7,0
57,High,4,9,1,Trays,911.37,1
38,Low,3,0,0,Spoons,397.1,0
33,Medium,5,6,1,Combo Pack,824.31,1
35,High,2,9,0,Combo Pack,781.54,0
41,Medium,5,0,1,Combo Pack,688.25,1
43,Medium,1,7,1,Plates,689.61,1
42,Low,3,2,1,Spoons,504.56,0
58,Low,2,9,1,Spoons,789.41,1
46,Medium,3,5,0,Combo Pack,560.97,0
32,High,3,6,0,Trays,775.14,0
18,Medium,4,9,1,Plates,988.81,1
42,Medium,1,0,1,Trays,175.8,0
24,Medium,3,5,1,Bowls,711.86,1
26,Medium,5,6,1,Spoons,887.28,1
41,Low,5,5,0,Spoons,827.1,1
18,Medium,4,3,1,Trays,673.77,1
25,High,1,0,1,Plates,146.83,0
41,Low,1,8,1,Spoons,651.08,1
28,Medium,5,3,1,Trays,697.2,1
34,Low,2,6,1,Plates,547.5,1
25,Medium,4,6,1,Trays,754.52,1
52,Low,4,1,1,Plates,587.98,1
52,Medium,5,0,0,Combo Pack,569.16,0
50,Medium,5,7,1,Plates,882.6,1
22,Low,2,7,1,Bowls,619.72,1
59,Medium,2,6,1,Combo Pack,598.4,1
56,Medium,1,7,0,Trays,490.95,0
58,High,4,2,0,Combo Pack,542.42,0
45,Low,4,1,0,Combo Pack,655.56,0
24,Low,5,6,1,Trays,856.97,1
26,Low,1,7,1,Trays,533.85,1
25,High,4,0,1,Bowls,481.64,1
29,High,1,9,0,Trays,628.93,0
51,Medium,1,8,1,Spoons,631.07,1
50,High,5,3,0,Spoons,797.41,0
40,Medium,1,3,0,Bowls,334.7,0
41,Medium,2,2,0,Plates,338.18,0
54,Low,2,5,0,Plates,613.72,0
52,Medium,3,0,0,Spoons,395.23,0
57,Low,5,5,1,Trays,936.52,1
39,High,3,1,1,Bowls,337.72,0
44,Medium,2,8,0,Plates,709.77,0
52,Medium,3,1,1,Plates,545.93,0
18,Low,5,6,1,Combo Pack,882.34,1
52,Low,5,0,0,Spoons,588.73,0
54,Low,1,6,0,Trays,514.78,0
31,Low,4,4,1,Bowls,672.06,1
20,Low,1,7,1,Plates,534.4,1
18,High,5,3,1,Combo Pack,733.11,1
22,Medium,2,9,1,Spoons,718.63,1
43,Low,2,6,0,Spoons,661.44,0
31,Low,1,5,1,Bowls,473.05,1
56,Medium,5,4,0,Plates,812.53,0
44,Medium,2,3,0,Bowls,490.43,0
26,Medium,5,6,1,Bowls,886.78,1
32,High,2,4,1,Combo Pack,461.29,0
32,Medium,5,4,1,Spoons,769.87,1
43,High,3,0,0,Trays,400.09,0
59,High,5,1,0,Spoons,597.04,0
30,Low,5,4,0,Spoons,774.99,0
49,High,1,2,0,Combo Pack,274.19,0
56,Low,3,1,1,Trays,556.23,0
49,High,4,3,0,Plates,511.31,0
21,Low,1,3,0,Trays,341.02,0
47,High,4,3,1,Plates,736.28,1
54,High,2,3,0,Trays,456.09,0
40,High,4,2,0,Bowls,637.67,0
56,Medium,5,6,1,Trays,904.99,1
32,Low,4,8,0,Combo Pack,866.63,1
46,Low,1,4,0,Plates,287.9,0
53,Medium,1,3,0,Spoons,360.27,0
30,Low,4,1,0,Combo Pack,511.22,0
49,Medium,1,1,1,Plates,209.98,0
24,Low,1,4,0,Plates,375.05,0
39,High,4,6,1,Spoons,887.24,1
45,Medium,3,9,0,Bowls,970.24,0
19,High,3,9,1,Combo Pack,860.86,1
59,Low,2,8,1,Spoons,676.76,1
23,High,1,6,1,Spoons,441.14,1
45,High,4,4,0,Bowls,723.43,0
45,Medium,1,9,0,Combo Pack,739.15,0
37,Medium,5,9,0,Spoons,1037.63,1
47,Medium,1,9,1,Bowls,531.05,1
28,Low,1,5,0,Combo Pack,483.5,0
45,Medium,3,2,0,Trays,549.27,0
42,Low,4,4,0,Plates,620.71,0
56,Low,1,7,0,Bowls,558.82,0
50,Low,3,0,1,Plates,422.56,0
18,Low,2,0,1,Trays,296.34,0
44,Low,3,6,0,Spoons,660.46,0
30,Low,3,4,0,Spoons,650.8,0
58,High,3,4,0,Combo Pack,579.83,0
20,Medium,1,0,1,Bowls,125.74,0
56,High,1,8,0,Bowls,497.53,0
23,Medium,2,0,1,Combo Pack,363.04,0
25,Low,5,4,1,Plates,830.83,1
44,Medium,5,9,0,Spoons,1054.4,1
26,Medium,5,8,0,Spoons,977.99,1
54,Low,2,3,0,Bowls,423.55,0
50,Medium,5,7,1,Bowls,896.21,1
59,Low,5,5,1,Combo Pack,828.43,1
41,Medium,3,2,0,Trays,394.0,0
32,Medium,1,3,1,Plates,313.2,0
49,Low,1,1,0,Trays,234.45,0
49,Low,3,0,0,Trays,430.49,0
41,Medium,3,7,1,Bowls,748.0,1
58,Medium,3,0,1,Bowls,439.75,0
29,Low,1,0,1,Bowls,267.46,0
56,High,5,3,1,Trays,802.91,1
19,Low,3,9,0,Plates,873.53,0
20,Medium,2,9,0,Bowls,750.59,0
54,High,3,5,0,Spoons,600.96,0
34,Low,4,8,1,Plates,937.0,1
19,Low,3,0,0,Spoons,483.99,0
19,Low,1,6,1,Plates,517.11,1
45,Low,3,9,1,Bowls,945.86,1
40,Low,4,4,1,Combo Pack,623.72,1
54,Medium,2,7,0,Bowls,592.29,0
49,Low,5,6,1,Trays,942.76,1
50,Medium,3,3,1,Trays,563.21,0
18,High,4,3,1,Plates,715.69,1
36,High,4,5,1,Trays,749.23,1
19,Medium,2,5,1,Bowls,506.6,1
43,Low,1,8,1,Spoons,589.32,1
49,Medium,3,4,1,Bowls,523.37,0
23,Medium,4,7,1,Plates,793.57,1
49,Medium,2,4,1,Trays,548.62,0
21,Low,5,1,1,Spoons,693.64,1
28,High,4,5,1,Combo Pack,768.15,1
34,Medium,2,8,1,Spoons,613.95,1
55,Low,1,2,0,Spoons,282.08,0
41,Low,1,0,0,Bowls,138.75,0
22,Medium,4,0,1,Combo Pack,558.83,1
51,High,4,2,1,Plates,570.81,1
23,Medium,3,9,1,Plates,795.71,1
39,Medium,2,4,0,Spoons,501.49,0
28,Low,4,2,0,Spoons,567.99,0
33,Medium,3,8,0,Trays,874.19,0
50,Medium,3,7,1,Combo Pack,713.26,1
26,Low,4,2,1,Spoons,530.04,1
23,Low,1,8,1,Trays,492.35,1
33,Medium,2,5,1,Combo Pack,548.46,1
46,Low,2,6,0,Plates,571.9,0
20,Medium,1,3,1,Trays,278.55,0
37,Low,4,3,0,Combo Pack,709.46,0
53,Low,2,1,0,Trays,383.36,0
36,Low,4,4,1,Spoons,698.59,1
43,High,4,7,0,Bowls,918.22,1
20,High,3,6,0,Plates,733.13,0
36,High,1,6,0,Spoons,458.86,0
37,Medium,4,5,0,Spoons,698.04,1
49,Low,5,2,1,Combo Pack,740.9,1
24,Medium,1,4,1,Trays,419.82,0
58,Medium,2,0,0,Plates,308.49,0
50,High,3,6,1,Spoons,657.68,1
57,Low,2,8,0,Combo Pack,730.4,0
56,Medium,2,0,1,Plates,262.23,0
35,Low,1,1,1,Trays,244.9,0
57,Low,2,2,1,Spoons,472.35,0
18,Medium,4,2,1,Spoons,566.96,1
28,Medium,2,7,1,Spoons,571.35,1
45,Low,3,6,0,Plates,647.37,0
42,Low,3,5,1,Plates,699.71,1
40,Medium,5,9,0,Plates,1062.74,1
48,Medium,3,9,0,Plates,843.56,0
47,High,2,3,1,Combo Pack,424.55,0
59,High,3,8,0,Bowls,824.27,0
52,Medium,1,0,1,Combo Pack,157.54,0
24,Low,3,1,0,Spoons,465.28,0
33,Medium,4,3,0,Combo Pack,613.44,0
43,Medium,1,2,1,Trays,255.12,0
19,Low,5,0,1,Plates,568.13,1
18,High,4,4,1,Trays,681.23,1
29,Low,2,6,1,Trays,597.56,1
22,High,2,1,0,Spoons,361.77,0
54,Medium,2,4,1,Plates,315.58,0
49,Medium,4,5,0,Trays,709.62,1
26,Medium,4,6,0,Spoons,780.42,1
58,High,4,0,0,Plates,575.25,0
52,Medium,1,6,0,Bowls,446.0,0
36,Medium,1,3,0,Spoons,358.14,0
33,Low,2,7,0,Combo Pack,724.75,0
20,Medium,3,3,1,Plates,484.35,0
37,Low,2,5,0,Trays,569.7,0
41,Medium,5,8,0,Trays,959.89,1
50,Medium,1,4,0,Combo Pack,374.77,0
41,Medium,4,3,1,Combo Pack,609.84,1
28,Low,1,7,1,Trays,513.41,1
25,Low,4,8,0,Plates,1036.1,1
53,Medium,5,3,1,Spoons,792.22,1
55,Low,5,2,0,Combo Pack,755.09,0
57,Low,1,7,1,Combo Pack,574.6,1
37,Low,4,4,0,Combo Pack,619.69,0
52,High,5,1,1,Bowls,669.75,1
42,Medium,2,9,1,Plates,803.65,1
52,Low,2,8,1,Plates,657.33,1
42,Low,4,2,0,Plates,648.27,0
46,Low,1,1,0,Plates,285.22,0
35,Medium,5,0,0,Plates,692.6,0
35,Medium,1,7,1,Trays,529.11,1
19,Low,2,2,1,Combo Pack,345.12,0
52,Low,5,6,0,Trays,881.92,1
33,Low,1,0,1,Bowls,271.78,0
58,Medium,3,0,0,Spoons,308.58,0
53,Medium,4,8,0,Combo Pack,796.58,1
50,Low,4,7,0,Bowls,854.47,1
21,Low,3,2,0,Trays,477.87,0
50,Low,2,5,1,Spoons,550.39,1
31,High,5,2,1,Bowls,747.27,1
38,Low,4,3,1,Spoons,622.37,1
37,Medium,3,0,0,Bowls,306.35,0
25,Medium,3,4,1,Trays,702.22,0
24,Low,2,0,0,Spoons,250.14,0
20,Low,2,0,0,Bowls,247.05,0
34,Low,1,9,0,Trays,705.19,0
50,Medium,4,6,0,Combo Pack,780.78,1
29,Medium,1,5,0,Trays,446.83,0
39,Medium,3,1,0,Trays,474.14,0
39,Medium,5,1,1,Combo Pack,704.18,1
47,Low,5,6,1,Trays,883.33,1
55,High,2,0,1,Combo Pack,376.0,0
55,Medium,5,1,1,Combo Pack,543.21,1
25,Low,5,7,0,Combo Pack,987.99,1
44,High,5,5,0,Bowls,808.02,1
44,Medium,3,1,1,Spoons,518.61,0
51,Medium,5,6,1,Bowls,907.1,1
38,Medium,5,3,1,Combo Pack,716.35,1
47,High,5,1,1,Spoons,683.14,1
50,Medium,1,5,1,Spoons,494.66,1
45,Low,3,8,1,Combo Pack,832.09,1
50,Low,2,8,1,Spoons,648.52,1
22,High,1,7,1,Spoons,525.8,1
36,Low,4,2,0,Bowls,599.8,0
21,Low,3,2,0,Spoons,497.94,0
52,Medium,3,1,0,Combo Pack,487.49,0
34,Medium,4,4,0,Plates,599.25,0
45,Medium,4,3,1,Plates,666.72,1
47,High,4,6,0,Plates,785.5,1
46,Low,2,3,1,Combo Pack,408.07,0
23,Low,5,8,0,Plates,962.88,1
52,Low,3,1,1,Bowls,439.27,0
58,High,5,5,1,Combo Pack,669.95,1
54,Medium,5,6,0,Combo Pack,864.94,1
41,Low,4,3,0,Combo Pack,606.21,0
46,High,2,5,1,Spoons,576.64,1
48,High,1,6,1,Spoons,459.72,1
52,High,2,3,1,Spoons,439.24,0
50,High,5,7,0,Trays,1027.11,1
38,Low,2,8,0,Bowls,749.72,0
49,Medium,4,0,1,Combo Pack,545.11,1
40,Medium,1,6,0,Combo Pack,475.01,0
50,High,4,8,1,Spoons,927.15,1
20,Medium,1,9,0,Combo Pack,638.31,0
35,Medium,5,4,0,Combo Pack,790.2,0
42,Medium,1,1,0,Plates,270.48,0
59,Low,1,9,0,Combo Pack,620.15,0
48,Medium,1,5,0,Trays,524.65,0
20,High,2,6,1,Spoons,591.99,1
57,High,2,1,1,Bowls,380.92,0
41,Low,5,1,0,Bowls,722.78,0
49,Low,1,9,1,Plates,701.58,1
39,Low,3,9,1,Bowls,779.55,1
40,Medium,5,0,0,Bowls,622.24,0
19,High,1,3,1,Spoons,392.54,0
44,Low,1,6,0,Spoons,544.59,0
59,Medium,2,8,1,Trays,644.34,1
19,High,5,2,1,Plates,667.15,1
43,Medium,1,6,1,Bowls,549.73,1
34,Medium,1,6,1,Trays,461.91,1
57,Medium,5,6,1,Plates,885.02,1
50,Medium,3,1,1,Bowls,528.79,0
26,Low,5,5,1,Bowls,847.61,1
56,Medium,5,1,0,Spoons,613.66,0
46,Medium,3,5,0,Combo Pack,606.12,0
59,High,5,9,0,Plates,1066.64,1
43,Medium,1,2,0,Bowls,233.34,0
52,Medium,5,1,1,Plates,637.63,1
42,Low,3,5,1,Trays,666.66,1
41,Medium,4,1,1,Trays,614.96,1
30,Low,5,4,0,Combo Pack,833.38,0
24,Low,2,1,0,Bowls,314.3,0
53,Medium,1,2,0,Spoons,358.92,0
37,High,1,2,1,Bowls,285.02,0
18,Low,2,5,0,Plates,488.21,0
25,Medium,2,5,1,Trays,541.4,1
33,High,5,9,0,Plates,1121.91,1
31,Low,2,2,1,Combo Pack,408.26,0
29,Medium,4,2,0,Trays,600.63,0
40,Medium,3,0,1,Spoons,481.86,0
32,Medium,2,6,0,Trays,528.43,0
45,Low,2,7,0,Bowls,585.72,0
51,Low,4,1,1,Bowls,469.21,1
19,Medium,1,3,1,Trays,368.63,0
49,Medium,1,9,0,Combo Pack,658.32,0
40,Low,5,6,1,Bowls,977.14,1
39,Medium,4,7,0,Bowls,862.17,1
42,Low,3,0,1,Spoons,379.79,0
39,Medium,3,3,0,Trays,550.09,0
39,Low,4,5,1,Bowls,755.89,1
59,High,3,2,0,Combo Pack,416.41,0
23,Low,1,4,0,Plates,535.52,0
32,Low,3,9,0,Trays,875.99,0
54,Low,3,8,1,Spoons,810.5,1
50,Low,4,2,0,Bowls,630.76,0
25,High,4,4,1,Combo Pack,735.47,1
22,High,3,7,1,Trays,742.97,1
56,Low,2,5,1,Combo Pack,518.44,1
21,Medium,4,3,0,Combo Pack,679.97,0
23,Medium,5,7,1,Spoons,969.29,1
49,High,5,2,1,Trays,659.51,1
47,Medium,1,2,1,Bowls,370.95,0
52,Low,3,3,0,Spoons,564.67,0
57,Medium,2,8,1,Bowls,736.49,1
33,Medium,1,4,1,Plates,469.6,0
30,Low,3,7,1,Combo Pack,751.09,1
59,Medium,4,5,1,Plates,765.85,1
47,Low,5,2,0,Combo Pack,740.5,0
36,Medium,2,7,0,Spoons,613.76,0
34,Low,5,8,1,Bowls,1002.7,1
36,Medium,4,7,1,Bowls,856.28,1
45,Medium,3,3,1,Spoons,502.2,0
43,Medium,4,5,1,Trays,865.88,1
54,Low,4,0,0,Plates,429.64,0
43,Medium,5,3,0,Plates,685.09,0
40,Medium,2,7,0,Bowls,715.71,0
26,Medium,4,0,0,Bowls,535.66,0
29,Medium,5,2,1,Bowls,648.7,1
18,Medium,2,0,1,Spoons,330.36,0
18,High,3,8,0,Trays,873.39,0
51,Low,3,1,0,Plates,448.49,0
49,High,1,8,1,Combo Pack,729.94,1
42,Medium,5,3,1,Spoons,663.8,1
57,Low,2,1,1,Plates,384.69,0
18,Low,4,3,1,Trays,708.33,1
33,Low,3,9,1,Spoons,894.57,1
56,Medium,2,5,0,Plates,539.78,0
22,Medium,5,6,0,Spoons,885.48,1
39,Medium,1,2,1,Plates,322.21,0
46,Medium,3,2,1,Plates,540.79,0
20,Medium,2,9,0,Trays,780.12,0
29,Low,2,7,1,Combo Pack,702.0,1
43,Low,2,4,0,Trays,449.06,0
33,Medium,5,3,0,Plates,738.61,0
54,Low,5,6,0,Spoons,853.0,1
39,Low,5,6,0,Trays,880.69,1
46,Medium,4,8,1,Combo Pack,950.76,1
31,Medium,2,8,1,Plates,705.4,1
45,High,3,4,0,Trays,730.34,0
22,High,5,7,1,Trays,959.67,1
47,Medium,5,9,1,Trays,1052.98,1
22,Medium,2,0,1,Trays,305.31,0
29,Medium,5,8,1,Spoons,968.11,1
33,Medium,4,7,0,Combo Pack,847.11,1
43,Low,4,5,1,Combo Pack,806.39,1
43,Medium,5,2,0,Plates,705.7,0
38,High,2,2,0,Bowls,360.33,0
56,Low,2,7,1,Spoons,603.75,1
53,Medium,2,4,0,Plates,477.49,0
50,Medium,1,9,1,Plates,653.69,1
47,Low,5,6,1,Trays,959.68,1
54,Low,2,4,0,Bowls,432.98,0
40,Low,4,7,1,Bowls,834.01,1
27,Low,3,9,0,Spoons,857.22,0
22,Low,3,9,0,Bowls,758.31,0
53,High,2,3,1,Plates,408.32,0
51,Low,3,1,1,Bowls,416.01,0
48,Medium,3,2,1,Bowls,460.2,0
27,Low,1,7,0,Combo Pack,559.59,0
36,High,4,6,1,Plates,791.97,1
49,Low,4,1,0,Bowls,522.24,0
18,Medium,1,5,0,Bowls,471.4,0
22,High,1,8,1,Trays,686.15,1
21,High,3,3,1,Bowls,631.96,0
33,Low,5,8,1,Bowls,903.86,1
41,High,3,1,0,Combo Pack,478.85,0
33,Medium,1,1,1,Plates,241.1,0
19,Medium,4,8,0,Spoons,907.76,1
45,Low,3,6,1,Plates,680.09,1
49,Low,5,6,1,Trays,905.88,1
44,Medium,3,0,0,Plates,407.57,0
37,Medium,2,5,0,Bowls,521.05,0
41,Medium,3,6,1,Trays,655.18,1
29,Medium,1,5,1,Plates,427.57,1
52,Medium,4,5,1,Trays,761.71,1
50,Low,4,1,1,Spoons,579.95,1
50,Medium,1,5,1,Plates,492.67,1
54,Low,2,3,0,Bowls,425.29,0
29,Medium,1,8,0,Trays,614.19,0
20,Medium,3,0,0,Combo Pack,448.13,0
18,High,1,7,0,Trays,608.28,0
50,Low,1,4,1,Combo Pack,397.06,0
57,Low,2,0,0,Bowls,288.95,0
27,Low,3,3,0,Spoons,559.56,0
46,Low,5,0,0,Combo Pack,542.51,0
30,Low,5,5,1,Spoons,840.32,1
29,High,4,1,0,Trays,587.23,0
48,Low,1,4,1,Bowls,432.1,0
19,Low,4,6,0,Combo Pack,786.49,1
52,Medium,2,1,1,Trays,360.89,0
40,Medium,5,5,0,Plates,808.77,1
34,Medium,1,5,1,Trays,485.17,1
43,Low,2,4,0,Spoons,496.11,0
25,Medium,2,4,1,Bowls,486.2,0
46,Low,1,2,1,Bowls,281.91,0
43,Low,2,9,0,Trays,746.86,0
27,High,1,9,1,Plates,627.61,1
43,Low,1,1,1,Spoons,282.91,0
51,Medium,3,6,0,Trays,680.24,0
58,Medium,4,0,0,Trays,579.65,0
24,Low,2,5,1,Bowls,623.26,1
21,High,2,5,0,Spoons,505.42,0
28,Low,3,2,0,Plates,503.49,0
46,Medium,3,1,0,Bowls,417.47,0
53,High,3,1,1,Trays,433.67,0
42,Medium,5,8,1,Bowls,1100.12,1
38,High,5,4,1,Bowls,784.62,1
53,Low,5,6,1,Combo Pack,918.01,1
27,Medium,1,4,1,Bowls,427.07,0
54,Low,2,6,1,Bowls,549.97,1
26,Medium,4,3,1,Spoons,607.25,1
41,High,1,7,0,Bowls,489.7,0
52,Low,2,9,1,Plates,705.7,1
52,Medium,2,9,1,Trays,607.5,1
53,Low,3,6,0,Spoons,727.23,0
35,Medium,3,9,0,Bowls,952.71,0
56,Medium,1,4,0,Plates,407.39,0
49,High,3,5,1,Trays,579.19,1
41,Medium,2,4,0,Spoons,467.86,0
40,Low,3,6,1,Plates,677.06,1
49,Low,5,1,1,Bowls,599.12,1
54,Low,3,4,1,Combo Pack,643.01,0
29,Low,2,9,0,Combo Pack,790.51,0
30,Low,1,2,0,Spoons,242.23,0
40,High,4,8,1,Plates,936.25,1
42,Medium,3,5,1,Trays,726.34,1
52,Medium,2,9,1,Plates,845.13,1
58,Low,4,2,0,Combo Pack,743.26,0
47,High,4,6,1,Spoons,754.9,1
34,Medium,5,3,0,Bowls,891.21,0
37,Low,4,2,1,Plates,582.29,1
42,Medium,2,7,0,Combo Pack,620.38,0
39,Medium,2,3,1,Trays,466.35,0
30,Low,3,0,0,Spoons,370.9,0
36,Medium,3,5,0,Bowls,669.95,0
53,Medium,3,9,0,Plates,784.0,0
29,Low,4,0,0,Trays,488.06,0
58,High,4,4,0,Bowls,764.28,0
36,High,5,6,0,Combo Pack,897.15,1
29,Medium,3,5,1,Combo Pack,657.08,1
26,Medium,1,1,1,Trays,273.76,0
24,Medium,5,3,1,Combo Pack,808.53,1
45,Medium,1,1,1,Spoons,167.24,0
31,Medium,4,0,0,Trays,529.23,0
48,Low,5,2,1,Combo Pack,686.59,1
36,Medium,5,2,0,Plates,708.33,0
33,High,2,6,0,Combo Pack,653.0,0
22,Medium,4,0,0,Spoons,440.29,0
52,Low,4,8,1,Bowls,849.37,1
29,Medium,5,5,0,Bowls,753.23,1
42,Low,4,3,1,Combo Pack,622.54,1
38,Low,5,2,1,Bowls,766.52,1
53,Low,2,2,1,Combo Pack,393.97,0
40,Low,5,1,1,Spoons,582.99,1
33,Medium,4,1,1,Bowls,525.72,1
56,Medium,4,9,0,Plates,875.61,1
59,Low,5,4,0,Combo Pack,743.74,0
56,High,5,8,1,Bowls,1019.44,1
31,High,5,1,0,Spoons,591.31,0
48,High,3,1,1,Spoons,505.63,0
22,Low,4,5,0,Plates,746.44,1
52,Medium,4,9,0,Spoons,954.28,1
40,High,3,1,0,Spoons,436.08,0
46,Medium,5,3,0,Bowls,788.64,0
28,Low,2,5,0,Combo Pack,589.16,0
35,Low,5,4,0,Trays,816.75,0
29,Medium,5,0,0,Spoons,628.24,0
26,High,3,5,0,Spoons,639.4,0
27,Medium,4,0,0,Trays,527.11,0
34,Medium,5,2,0,Spoons,683.11,0
55,Low,4,9,0,Bowls,950.11,1
24,Medium,1,4,0,Bowls,386.27,0
30,High,4,9,0,Trays,927.14,1
57,Low,2,4,1,Spoons,465.54,0
59,Medium,2,9,0,Spoons,773.38,0
26,High,5,5,0,Combo Pack,915.53,1
44,Low,4,9,0,Spoons,1008.56,1
19,Medium,5,7,0,Bowls,887.17,1
22,Low,3,4,0,Plates,664.46,0
46,Medium,2,0,0,Plates,284.09,0
54,Medium,5,4,1,Plates,830.04,1
55,Medium,3,2,1,Plates,454.69,0
36,Medium,5,3,1,Spoons,757.1,1
25,Low,4,7,0,Spoons,865.69,1
18,High,4,6,0,Combo Pack,725.77,1
39,Medium,4,4,0,Spoons,730.41,0
34,Low,4,1,1,Plates,617.3,1
24,Medium,1,5,0,Trays,441.27,0
42,Medium,3,5,0,Trays,718.01,0
21,Low,3,9,1,Bowls,840.52,1
53,High,4,9,1,Bowls,992.48,1
23,High,1,5,0,Spoons,339.07,0
48,Low,4,8,0,Trays,1020.94,1
36,High,1,7,0,Plates,624.77,0
56,Low,4,7,0,Plates,835.77,1
44,Low,2,0,1,Plates,201.4,0
27,Low,2,4,0,Spoons,514.4,0
43,High,5,6,0,Spoons,827.8,1
36,Medium,4,5,1,Combo Pack,772.24,1
56,Low,3,4,0,Plates,620.58,0
20,Medium,5,7,0,Plates,902.93,1
30,Medium,2,2,1,Spoons,456.05,0
45,Low,4,5,1,Spoons,790.28,1
37,High,5,4,0,Combo Pack,848.79,0
45,High,4,7,1,Combo Pack,850.44,1
25,Medium,2,3,1,Bowls,379.22,0
58,High,5,7,0,Trays,998.89,1
56,Medium,2,9,1,Plates,736.48,1
18,High,1,1,0,Plates,180.51,0
20,Medium,2,8,0,Combo Pack,767.6,0
30,Medium,4,8,0,Combo Pack,1004.97,1
45,Low,3,9,0,Bowls,847.94,0
42,High,2,9,1,Trays,857.96,1
50,Medium,3,5,0,Bowls,654.57,0
55,Low,1,3,0,Trays,330.98,0
23,Low,5,3,0,Plates,718.48,0
49,Medium,5,5,0,Bowls,931.85,1
38,Medium,3,4,1,Combo Pack,560.99,0
33,Medium,5,5,1,Bowls,886.76,1
38,High,2,6,1,Bowls,572.04,1
28,Low,3,6,0,Plates,676.98,0
54,Medium,4,8,1,Combo Pack,951.51,1
53,Low,2,7,1,Combo Pack,631.0,1
52,High,2,5,0,Spoons,529.76,0
36,High,2,5,1,Spoons,606.64,1
37,Medium,4,4,0,Spoons,779.87,0
35,Medium,1,0,1,Plates,232.23,0
58,Low,5,8,1,Bowls,967.26,1
31,Medium,3,8,1,Combo Pack,774.47,1
32,High,1,8,1,Combo Pack,604.0,1
48,Medium,3,7,0,Bowls,766.05,0
18,Low,5,9,0,Combo Pack,1000.61,1
20,Medium,4,2,1,Bowls,636.15,1
33,High,2,0,0,Plates,304.28,0
40,Low,2,7,1,Plates,564.21,1
28,Low,4,6,1,Plates,753.55,1
29,Medium,1,4,1,Bowls,374.79,0
27,High,1,9,1,Bowls,646.36,1
49,Low,3,6,1,Trays,794.46,1
33,Low,4,9,1,Combo Pack,961.91,1
25,Low,1,3,0,Combo Pack,307.96,0
55,Low,4,8,0,Trays,911.03,1
29,Medium,5,9,1,Trays,1032.4,1
41,Medium,2,1,0,Plates,366.24,0
45,Medium,2,8,1,Trays,729.03,1
25,Medium,2,8,0,Bowls,760.46,0
45,Low,4,4,0,Spoons,698.79,0
53,High,4,0,0,Bowls,581.95,0
43,Medium,3,6,1,Trays,745.4,1
25,High,2,9,0,Combo Pack,714.63,0
45,Medium,3,9,1,Bowls,960.49,1
45,Low,2,3,1,Combo Pack,466.35,0
54,Medium,3,8,1,Bowls,758.24,1
58,Low,3,5,0,Combo Pack,732.65,0
53,Medium,5,2,0,Bowls,803.89,0
44,Low,3,5,0,Combo Pack,648.35,0
34,Low,4,9,1,Spoons,924.82,1
26,High,3,5,1,Plates,641.38,1
50,Low,2,4,0,Bowls,535.74,0
37,High,3,1,1,Spoons,513.89,0
30,Low,1,9,0,Plates,678.52,0
45,Medium,2,9,0,Bowls,755.09,0
46,Medium,1,1,0,Spoons,324.9,0
30,Medium,2,6,0,Spoons,584.36,0
52,Low,4,1,1,Spoons,601.55,1
23,Low,4,5,0,Trays,735.6,1
35,Low,4,4,0,Combo Pack,721.55,0
22,Low,1,3,0,Plates,344.32,0
42,Medium,5,6,0,Combo Pack,897.21,1
19,High,2,7,0,Combo Pack,631.13,0
27,High,4,3,0,Combo Pack,717.24,0
47,Medium,2,0,0,Spoons,263.35,0
22,Medium,1,0,1,Combo Pack,162.99,0
50,Medium,5,0,1,Trays,706.05,1
18,Low,1,0,1,Bowls,248.89,0
35,High,2,4,1,Spoons,380.74,0
49,Medium,5,3,0,Plates,721.74,0
28,Medium,5,8,1,Bowls,909.4,1
38,Low,1,2,1,Bowls,252.47,0
43,Medium,4,6,1,Bowls,643.07,1
42,Medium,2,7,0,Combo Pack,643.15,0
39,High,3,5,1,Combo Pack,592.9,1
44,Medium,3,9,1,Spoons,853.0,1
30,Low,1,0,0,Combo Pack,118.74,0
50,High,2,7,1,Combo Pack,654.15,1
51,Low,2,9,0,Combo Pack,729.25,0
58,Medium,1,2,1,Spoons,375.1,0
52,Low,2,7,0,Spoons,720.57,0
18,Medium,4,3,1,Trays,689.27,1
38,High,1,7,1,Trays,533.67,1
23,Low,4,0,1,Trays,599.27,1
45,High,2,2,0,Trays,322.35,0
34,Low,1,5,1,Bowls,379.82,1
22,High,2,8,0,Bowls,695.81,0
48,Medium,1,1,0,Trays,362.7,0
22,High,2,0,0,Trays,289.88,0
55,Low,4,9,0,Plates,940.84,1
20,High,4,2,1,Bowls,527.9,1
40,Medium,2,3,1,Plates,497.3,0
54,Low,1,4,1,Plates,447.66,0
54,High,3,2,0,Combo Pack,539.45,0
27,Low,4,9,1,Spoons,918.54,1
27,High,4,1,0,Bowls,514.66,0
36,Low,3,1,0,Trays,385.34,0
34,Medium,2,6,0,Trays,604.19,0
38,Medium,1,8,1,Spoons,545.98,1
31,Low,2,9,1,Bowls,691.13,1
26,Low,5,1,0,Trays,628.82,0
18,Low,4,6,1,Trays,775.54,1
30,Medium,5,6,1,Combo Pack,873.1,1
21,Low,4,6,0,Plates,823.32,1
18,Medium,4,2,0,Trays,603.95,0
57,Low,5,6,1,Bowls,885.59,1
49,Low,5,0,0,Spoons,609.15,0
51,Medium,2,9,0,Combo Pack,700.42,0
45,Low,5,0,1,Bowls,605.26,1
48,High,2,4,1,Combo Pack,507.53,0
25,High,2,1,0,Plates,274.85,0
56,Medium,2,8,1,Trays,749.78,1
43,Medium,4,6,0,Bowls,755.93,1
51,High,4,3,0,Spoons,654.52,0
20,Low,5,3,1,Plates,808.22,1
29,Low,4,1,0,Plates,596.28,0
18,Low,5,4,0,Combo Pack,801.72,0
22,Medium,4,3,0,Plates,631.88,0
47,Low,1,0,1,Bowls,247.38,0
47,Medium,1,7,1,Combo Pack,583.73,1
34,High,5,2,1,Plates,669.08,1
40,High,4,5,0,Spoons,710.26,1
32,Medium,4,3,0,Bowls,546.38,0
54,Low,2,8,1,Spoons,707.7,1
38,High,3,6,1,Spoons,695.87,1
31,Medium,5,8,1,Combo Pack,1056.81,1
19,Low,3,9,0,Trays,867.95,0
28,Low,3,2,1,Combo Pack,566.71,0
56,High,5,0,0,Bowls,565.13,0
55,Medium,4,4,1,Bowls,756.91,1
51,High,5,2,0,Combo Pack,673.55,0
55,High,3,5,0,Trays,688.88,0
51,Medium,4,7,1,Combo Pack,777.06,1
35,Medium,1,3,0,Bowls,361.76,0
47,Medium,5,4,1,Trays,700.77,1
32,Low,5,4,0,Bowls,786.64,0
44,Medium,4,3,0,Trays,672.02,0
51,Medium,1,3,1,Trays,323.95,0
55,Medium,1,3,0,Combo Pack,297.48,0
50,High,4,3,1,Combo Pack,692.31,1
41,Medium,2,3,1,Combo Pack,444.83,0
32,Medium,5,4,1,Trays,775.52,1
47,Medium,5,1,0,Trays,652.09,0
59,Medium,3,1,0,Bowls,581.83,0
34,Medium,4,8,0,Spoons,957.68,1
22,Low,3,1,1,Combo Pack,508.13,0
46,Medium,3,5,1,Bowls,671.78,1
21,Low,1,1,0,Bowls,258.32,0
27,Low,5,4,0,Plates,680.2,0
34,Medium,3,3,1,Combo Pack,516.05,0
27,Medium,1,6,0,Bowls,475.97,0
34,High,4,6,1,Plates,706.26,1
37,Medium,3,5,0,Combo Pack,592.13,0
41,Medium,5,9,1,Trays,950.96,1
22,Medium,3,4,0,Plates,598.08,0
51,Medium,4,0,0,Trays,540.94,0
23,Low,3,2,1,Spoons,555.34,0
19,Low,5,8,1,Spoons,1020.74,1
30,Low,1,0,1,Spoons,151.83,0
28,Medium,5,4,0,Spoons,703.4,0
40,Low,1,1,1,Bowls,162.16,0
33,Low,2,3,1,Spoons,386.55,0
48,Low,5,0,0,Bowls,555.56,0
28,High,5,2,1,Bowls,692.01,1
33,Low,4,9,1,Combo Pack,899.29,1
25,Medium,3,6,1,Bowls,716.95,1
21,Low,1,9,0,Bowls,638.39,0
57,Medium,1,2,0,Spoons,300.53,0
21,Low,4,3,0,Bowls,707.01,0
42,Low,4,1,1,Trays,490.99,1
20,Medium,3,2,0,Spoons,520.94,0
49,Low,3,8,1,Plates,799.3,1
20,Low,5,2,1,Spoons,683.33,1
44,Low,2,4,1,Bowls,544.26,0
46,Low,3,1,0,Trays,493.95,0
49,Low,4,3,0,Spoons,602.68,0
36,Low,3,6,1,Trays,690.89,1
38,High,1,6,1,Plates,514.06,1
22,Medium,2,2,0,Plates,386.35,0
35,Medium,5,4,0,Combo Pack,829.25,0
45,Low,1,0,0,Combo Pack,214.06,0
59,High,1,9,1,Spoons,741.63,1
39,Low,2,9,0,Combo Pack,673.49,0
38,Low,5,9,0,Trays,1043.88,1
23,Medium,4,0,0,Combo Pack,454.57,0
18,Low,5,4,1,Trays,830.21,1
22,Low,3,9,0,Combo Pack,769.14,0
58,Medium,1,8,1,Combo Pack,617.32,1
29,High,3,0,1,Combo Pack,368.5,0
43,Medium,4,0,1,Bowls,463.29,1
51,Medium,3,3,0,Bowls,477.68,0
31,High,5,3,0,Combo Pack,726.75,0
43,Low,3,1,0,Trays,504.23,0
44,Low,4,8,1,Spoons,898.74,1
26,Low,4,8,0,Plates,931.38,1
43,Medium,4,1,1,Bowls,633.23,1
39,Medium,5,8,0,Combo Pack,1013.19,1
47,High,4,5,0,Plates,722.06,1
34,Medium,1,7,0,Bowls,573.36,0
43,Medium,4,9,0,Spoons,922.79,1
53,Low,3,3,1,Trays,524.78,0
18,High,3,1,1,Combo Pack,374.01,0
25,High,3,1,1,Spoons,496.31,0
52,High,5,8,1,Bowls,980.7,1
32,Low,3,0,0,Combo Pack,409.1,0
39,Medium,5,6,1,Plates,848.2,1
31,Low,5,2,1,Trays,721.8,1
43,Low,4,2,1,Bowls,561.9,1
45,Low,1,1,0,Trays,242.91,0
40,Medium,4,9,1,Combo Pack,993.89,1
31,Medium,4,5,1,Spoons,789.54,1
41,Low,5,9,0,Trays,1048.9,1
19,Low,5,1,0,Plates,561.59,0
43,Medium,3,9,1,Bowls,999.64,1
31,Low,3,3,1,Plates,637.29,0
24,Low,4,9,0,Trays,986.13,1
20,Medium,2,8,1,Spoons,662.34,1
40,Medium,2,8,0,Spoons,694.32,0
35,Low,3,5,1,Plates,622.83,1
55,Low,2,3,1,Combo Pack,513.19,0
52,Low,3,6,1,Combo Pack,713.13,1
32,High,5,0,1,Spoons,560.79,1
42,Medium,4,3,1,Plates,626.46,1
54,Medium,1,4,0,Plates,456.06,0
45,Low,4,7,0,Plates,930.0,1
27,Medium,3,1,1,Trays,526.42,0
56,Low,3,4,1,Combo Pack,637.85,0
34,Medium,4,5,1,Combo Pack,737.37,1
56,High,3,4,0,Trays,437.92,0
39,Medium,2,8,0,Bowls,714.86,0
43,High,2,9,0,Trays,749.91,0
42,Medium,3,0,0,Plates,407.0,0
34,Low,3,2,0,Trays,502.69,0
30,High,2,1,0,Plates,283.69,0
37,Low,3,2,0,Spoons,527.87,0
42,Medium,3,9,0,Plates,881.61,0
21,Low,4,8,1,Combo Pack,934.12,1
27,Low,1,8,0,Trays,647.33,0
20,Medium,2,9,0,Plates,780.2,0
58,Low,4,1,0,Bowls,529.5,0
35,Medium,1,2,0,Spoons,296.46,0
53,Medium,3,3,1,Bowls,554.56,0
39,Low,3,8,0,Bowls,805.38,0
51,Low,4,2,1,Bowls,649.91,1
25,Medium,3,6,1,Spoons,732.18,1
57,Low,5,2,1,Spoons,803.87,1
36,Medium,4,6,0,Spoons,910.32,1
59,Medium,1,6,0,Spoons,503.98,0
58,High,4,8,0,Bowls,708.17,1
54,Medium,2,1,1,Combo Pack,411.84,0
23,Medium,4,5,1,Combo Pack,722.98,1
43,Medium,3,8,1,Spoons,759.93,1
51,Low,3,1,1,Trays,430.08,0
23,Low,5,1,0,Plates,627.67,0
54,Medium,5,4,0,Trays,830.61,0
50,Medium,5,9,0,Trays,972.03,1
39,Medium,1,9,1,Trays,596.11,1
38,High,5,9,1,Combo Pack,1067.16,1
23,High,1,7,0,Plates,581.15,0
23,High,5,8,0,Trays,1032.08,1
21,Medium,1,1,1,Spoons,210.65,0
47,Low,4,4,0,Combo Pack,651.09,0
28,Medium,4,6,0,Spoons,774.67,1
47,Low,3,5,1,Spoons,661.99,1
48,Medium,1,5,1,Trays,524.27,1
41,Medium,2,6,1,Spoons,497.63,1
26,Medium,3,2,0,Plates,488.96,0
20,Low,4,2,1,Spoons,533.37,1
48,Low,1,9,0,Trays,567.39,0
57,Medium,5,8,0,Spoons,1048.35,1
54,Low,2,7,1,Combo Pack,677.23,1
53,High,4,4,0,Combo Pack,722.47,0
41,Low,3,5,1,Combo Pack,696.05,1
48,Low,1,9,1,Bowls,626.01,1
23,Low,2,0,0,Combo Pack,278.37,0
19,Medium,1,9,0,Combo Pack,759.29,0
37,Medium,5,0,1,Bowls,587.67,1
45,Low,3,3,1,Combo Pack,586.76,0
28,Low,1,1,1,Trays,250.32,0
21,Medium,4,6,1,Combo Pack,707.59,1
32,Low,3,1,1,Combo Pack,347.77,0
23,Medium,4,9,1,Bowls,921.05,1
47,Medium,1,1,0,Trays,302.81,0
55,Low,3,4,0,Spoons,639.41,0
19,Low,4,3,0,Plates,695.7,0
32,High,5,7,0,Trays,900.65,1
28,Medium,5,3,1,Spoons,830.79,1
25,Medium,1,5,0,Trays,401.76,0
43,Low,3,4,0,Spoons,610.64,0
22,Medium,2,1,1,Spoons,349.48,0
23,Low,3,7,0,Trays,741.31,0
43,Medium,5,1,1,Bowls,716.93,1
21,High,4,8,1,Trays,864.74,1
36,Low,2,8,1,Trays,632.52,1
37,Low,1,2,1,Spoons,301.0,0
50,Low,2,3,1,Plates,430.01,0
37,Low,1,7,0,Spoons,718.87,0
29,Low,2,8,0,Combo Pack,733.83,0
18,Low,1,2,0,Trays,279.53,0
43,Medium,1,4,1,Trays,347.19,0
31,Medium,2,7,0,Bowls,555.99,0
55,Low,2,2,0,Spoons,348.74,0
54,High,1,6,0,Bowls,505.75,0
28,Low,5,7,0,Trays,1021.37,1
53,High,2,9,1,Spoons,806.08,1
30,Low,3,2,0,Spoons,511.45,0
20,High,4,1,1,Combo Pack,533.84,1
50,Medium,1,9,1,Combo Pack,663.44,1
23,High,1,6,0,Plates,474.07,0
27,High,4,8,1,Combo Pack,985.92,1
22,Low,5,0,1,Spoons,590.54,1
40,High,4,2,1,Combo Pack,595.68,1
27,Low,2,4,1,Plates,389.21,0
19,Low,4,2,1,Trays,590.23,1
30,Low,1,0,1,Combo Pack,241.82,0
57,Medium,4,6,1,Spoons,746.61,1
19,Low,3,6,0,Trays,662.46,0
37,Medium,2,9,0,Spoons,789.64,0
18,Medium,4,7,1,Trays,776.17,1
54,Medium,1,4,1,Spoons,452.89,0
26,High,2,9,0,Combo Pack,723.39,0
34,Medium,1,4,0,Combo Pack,380.57,0
26,Low,5,4,0,Plates,743.81,0
28,Low,3,0,0,Trays,418.9,0
32,Low,5,9,1,Plates,1172.99,1
41,Low,3,4,1,Bowls,639.07,0
55,Low,4,5,0,Combo Pack,706.79,1
52,Low,2,0,0,Trays,356.78,0
47,High,4,6,0,Plates,784.17,1
48,Medium,3,0,0,Plates,468.72,0
22,Low,3,1,1,Bowls,490.33,0
31,Medium,3,1,0,Plates,302.84,0
28,Low,1,4,0,Spoons,349.8,0
26,Medium,2,9,0,Combo Pack,797.22,0
51,Medium,4,6,1,Plates,807.58,1
29,Medium,4,0,1,Plates,448.81,1
52,Medium,5,9,1,Bowls,1018.32,1
52,High,3,0,0,Spoons,304.69,0
18,High,3,0,0,Plates,395.58,0
57,Medium,3,5,0,Combo Pack,760.53,0
39,Medium,4,1,1,Combo Pack,590.25,1
46,Medium,5,0,1,Plates,709.52,1
25,Low,1,5,0,Spoons,494.12,0
28,Low,2,1,0,Combo Pack,401.37,0
58,Low,1,5,1,Combo Pack,548.7,1
54,Medium,4,9,0,Spoons,968.86,1
31,Medium,3,7,0,Spoons,740.64,0
47,Low,2,1,0,Plates,401.63,0
52,High,4,8,1,Trays,972.69,1
38,High,4,7,0,Bowls,826.0,1
54,Medium,4,9,0,Trays,913.92,1
22,Medium,2,0,0,Trays,306.94,0
36,High,2,6,0,Combo Pack,641.57,0
31,Low,5,9,1,Spoons,1089.9,1
43,Medium,5,5,1,Combo Pack,778.79,1
21,Low,1,5,1,Bowls,545.58,1
42,Medium,2,5,0,Plates,517.94,0
59,Low,2,5,1,Bowls,536.75,1
42,High,2,9,0,Combo Pack,704.87,0
35,High,5,6,1,Combo Pack,1034.92,1
57,Low,4,2,0,Combo Pack,612.1,0
25,Medium,3,5,1,Combo Pack,607.45,1
56,High,5,2,1,Trays,743.2,1
57,Medium,2,6,1,Plates,638.46,1
31,High,5,6,0,Trays,890.61,1
49,Medium,1,7,0,Combo Pack,592.03,0
55,Low,2,1,0,Spoons,308.74,0
50,Low,1,8,1,Trays,575.35,1
40,Low,2,4,0,Combo Pack,399.49,0
32,Medium,5,8,0,Combo Pack,933.8,1
50,Low,4,9,0,Plates,1040.38,1
42,Medium,3,4,0,Bowls,682.07,0
34,Medium,1,6,0,Trays,503.29,0
50,Medium,5,8,0,Trays,1083.15,1
19,High,4,3,1,Trays,642.0,1
31,High,5,1,1,Combo Pack,637.83,1
57,Medium,1,8,0,Plates,602.83,0
57,High,3,1,1,Combo Pack,443.75,0
56,Medium,5,2,1,Combo Pack,689.24,1
23,Medium,2,9,0,Spoons,807.17,0
23,High,4,1,0,Plates,557.51,0
20,Low,5,2,1,Trays,735.62,1
24,Low,4,5,0,Bowls,801.57,1
25,High,2,2,1,Trays,419.41,0
59,Medium,3,9,1,Combo Pack,801.49,1
32,High,3,7,1,Plates,682.36,1
46,High,2,5,0,Plates,557.44,0
50,Low,4,6,1,Plates,791.44,1
47,High,5,0,0,Spoons,604.37,0
56,Medium,2,2,0,Trays,399.2,0
44,Medium,1,2,0,Spoons,429.18,0
53,Medium,4,1,0,Bowls,483.49,0
46,High,3,6,0,Combo Pack,600.5,0
55,Low,2,8,1,Spoons,716.62,1
50,Medium,3,3,0,Spoons,531.18,0
54,Medium,4,4,0,Combo Pack,715.8,0
44,Medium,3,2,0,Plates,529.19,0
50,Medium,2,8,0,Combo Pack,764.21,0
21,Low,4,3,0,Trays,574.64,0
39,Low,1,4,1,Combo Pack,372.16,0
19,Low,2,0,0,Plates,321.44,0
27,High,5,1,0,Combo Pack,688.52,0
22,Low,2,8,1,Spoons,809.67,1
27,Low,4,1,0,Bowls,597.79,0
50,High,2,4,1,Spoons,497.16,0
55,Low,1,7,1,Bowls,505.48,1
30,High,1,2,1,Combo Pack,271.79,0
48,Medium,5,5,1,Trays,820.36,1
53,High,3,3,0,Combo Pack,582.76,0
41,Low,4,6,0,Plates,812.85,1
32,Low,4,9,1,Combo Pack,883.82,1
46,Medium,3,2,1,Bowls,478.2,0
25,High,1,5,0,Spoons,493.88,0
22,Medium,1,9,1,Trays,667.58,1
46,Low,2,8,1,Combo Pack,728.43,1
21,Medium,5,9,1,Combo Pack,1069.15,1
29,Medium,5,0,0,Spoons,681.32,0
19,Medium,5,2,1,Trays,711.8,1
44,Medium,2,1,0,Combo Pack,330.7,0
48,High,5,7,0,Combo Pack,904.21,1
53,Medium,3,6,0,Bowls,712.48,0
53,Low,2,1,1,Bowls,227.96,0
43,Medium,3,5,1,Plates,640.79,1
44,Low,2,2,0,Spoons,389.71,0
22,Medium,5,7,0,Trays,881.78,1
37,Medium,3,9,0,Combo Pack,803.59,0
28,Low,3,2,1,Combo Pack,540.48,0
27,Low,3,9,1,Plates,861.54,1
57,Low,2,8,0,Combo Pack,705.09,0
55,High,4,0,0,Spoons,515.32,0
23,High,5,4,1,Plates,804.63,1
25,Low,3,2,0,Spoons,562.14,0
40,High,4,5,1,Plates,756.17,1
43,Medium,5,9,1,Combo Pack,977.09,1
29,Low,5,1,0,Plates,731.51,0
43,Low,3,8,0,Bowls,818.52,0
30,Medium,3,5,1,Trays,620.54,1
57,Medium,2,6,1,Combo Pack,537.33,1
35,Medium,4,4,1,Trays,719.8,1
42,Low,4,8,1,Combo Pack,894.14,1
50,Low,3,0,1,Trays,478.71,0
57,Medium,5,4,0,Bowls,782.7,0
29,Low,3,9,1,Trays,808.13,1
53,Low,5,5,1,Plates,894.79,1
21,Low,5,6,1,Trays,946.26,1
22,High,3,3,0,Combo Pack,558.43,0
54,High,1,0,0,Spoons,233.82,0
25,Medium,4,7,1,Trays,848.12,1
59,High,5,9,1,Trays,1061.69,1
45,Low,5,3,0,Trays,808.25,0
48,Medium,1,2,0,Combo Pack,331.27,0
26,Low,2,6,0,Trays,591.54,0
46,Medium,1,1,0,Combo Pack,317.62,0
31,High,1,7,1,Combo Pack,431.76,1
57,Medium,5,5,0,Spoons,952.6,1
58,Low,4,6,1,Plates,714.7,1
39,Medium,1,4,1,Combo Pack,368.65,0
28,Low,2,8,0,Bowls,697.95,0
40,High,3,4,0,Trays,592.68,0
18,Medium,1,4,0,Bowls,450.32,0
54,Medium,1,2,0,Trays,247.11,0
38,Medium,2,0,1,Spoons,313.04,0
43,Medium,4,1,1,Combo Pack,521.09,1
53,Low,1,7,1,Plates,564.76,1
40,Medium,1,0,0,Combo Pack,196.76,0
18,Low,4,6,1,Trays,804.65,1
57,Medium,2,4,0,Plates,472.5,0
32,High,1,2,1,Combo Pack,274.5,0
38,High,4,6,0,Plates,814.36,1
26,Medium,1,8,1,Trays,647.19,1
26,Medium,3,1,1,Spoons,420.09,0
27,Low,5,7,0,Spoons,906.56,1
43,Medium,3,8,1,Combo Pack,830.67,1
58,Low,1,2,1,Bowls,298.37,0
52,Medium,2,1,0,Trays,391.52,0
42,Low,5,6,0,Combo Pack,854.71,1
43,Low,3,4,0,Combo Pack,511.03,0
28,Medium,4,4,0,Spoons,673.35,0
55,Low,2,9,0,Plates,711.68,0
19,Medium,3,4,1,Trays,596.06,0
24,Low,4,3,0,Plates,618.16,0
35,Low,1,4,1,Trays,437.05,0
44,Medium,4,3,1,Bowls,635.59,1
51,Low,3,5,0,Spoons,657.52,0
44,Low,3,3,1,Bowls,557.88,0
34,Medium,1,1,1,Combo Pack,259.75,0
41,Low,4,8,0,Spoons,898.79,1
42,High,4,1,1,Combo Pack,575.53,1
24,Low,1,8,0,Bowls,560.22,0
23,Low,4,9,0,Trays,1019.97,1
41,Medium,1,5,0,Combo Pack,438.17,0
50,Low,2,8,1,Plates,634.42,1
46,Low,3,8,1,Trays,809.4,1
39,Low,2,2,1,Trays,357.44,0
43,Low,5,0,1,Bowls,633.27,1
45,High,5,0,0,Bowls,710.48,0
38,Low,5,2,1,Spoons,660.67,1
24,Medium,1,4,0,Spoons,416.62,0
34,High,4,2,1,Plates,512.22,1
37,Medium,2,8,1,Trays,722.7,1
58,High,2,8,1,Plates,655.71,1
37,Low,2,2,1,Plates,368.76,0
39,High,2,2,1,Bowls,344.94,0
45,Low,5,4,0,Plates,836.61,0
57,Medium,2,1,1,Plates,400.37,0
24,Medium,4,5,1,Combo Pack,751.17,1
18,Low,5,6,1,Spoons,856.78,1
49,Medium,2,8,1,Spoons,779.48,1
30,Medium,1,5,0,Trays,412.48,0
47,Low,3,2,1,Spoons,391.9,0
40,Low,3,4,0,Trays,622.92,0
36,Medium,3,3,1,Combo Pack,494.76,0
49,Medium,5,4,0,Spoons,849.43,0
47,High,2,7,0,Combo Pack,630.94,0
46,Medium,5,7,0,Spoons,980.19,1
46,High,4,5,0,Spoons,820.08,1
47,Medium,1,0,0,Combo Pack,139.56,0
33,Low,1,7,1,Plates,521.7,1
57,Low,3,7,0,Plates,746.22,0
36,Medium,3,1,1,Plates,526.88,0
35,Medium,3,3,0,Plates,517.08,0
18,Low,2,1,0,Spoons,320.27,0
31,Low,4,3,1,Bowls,673.91,1
19,High,4,9,0,Combo Pack,921.14,1
45,Medium,4,6,0,Bowls,807.63,1
47,Medium,4,8,0,Bowls,822.42,1
55,Medium,3,7,0,Trays,860.72,0
21,Low,1,8,1,Plates,532.61,1
18,Low,3,7,0,Spoons,733.91,0
25,Low,4,1,0,Plates,548.38,0
46,Low,3,6,1,Plates,795.63,1
56,Medium,4,1,1,Bowls,483.76,1
20,Medium,5,1,0,Trays,749.19,0
49,High,1,3,0,Plates,387.86,0
27,High,5,0,1,Combo Pack,620.85,1
27,Low,2,4,0,Combo Pack,450.77,0
36,Medium,3,5,1,Plates,678.56,1
51,Medium,2,8,0,Bowls,663.83,0
50,High,3,9,1,Bowls,913.33,1
40,Low,5,7,1,Spoons,901.45,1
45,Medium,4,1,1,Trays,544.34,1
49,Medium,4,0,0,Bowls,472.24,0
24,Low,3,1,0,Spoons,400.62,0
46,Low,4,6,0,Combo Pack,837.07,1
25,Medium,5,3,0,Combo Pack,776.77,0
18,Medium,4,9,1,Combo Pack,1010.45,1
20,Low,5,4,1,Plates,711.01,1
41,Medium,2,6,1,Trays,653.21,1
40,Low,5,2,0,Spoons,825.27,0
25,Medium,1,9,0,Trays,627.42,0
54,Low,1,1,0,Plates,344.76,0
20,High,1,6,1,Spoons,486.84,1
50,Low,3,4,0,Spoons,531.38,0
45,Low,3,0,0,Bowls,384.72,0
25,Low,3,0,1,Trays,452.41,0
51,Low,5,8,1,Trays,958.09,1
52,Medium,3,4,0,Bowls,569.98,0
49,Low,2,0,1,Combo Pack,329.68,0
41,High,1,6,0,Plates,500.15,0
31,Low,5,8,1,Trays,1029.23,1
49,Low,1,0,1,Bowls,211.89,0
33,Low,3,9,1,Spoons,873.98,1
21,Low,5,3,0,Bowls,728.38,0
54,Low,4,2,0,Combo Pack,611.59,0
38,Medium,2,4,0,Plates,453.63,0
31,Medium,3,6,1,Combo Pack,764.42,1
48,Medium,3,7,1,Spoons,718.29,1
35,Medium,2,1,1,Spoons,406.44,0
24,Medium,2,6,1,Spoons,588.32,1
27,Low,4,0,0,Spoons,510.1,0
24,Medium,3,6,0,Bowls,675.25,0
50,High,3,7,0,Spoons,699.2,0
40,Medium,1,1,1,Spoons,162.76,0
38,Medium,5,8,1,Bowls,947.23,1
36,Low,5,0,0,Spoons,583.8,0
36,Medium,1,5,1,Combo Pack,460.59,1
53,Medium,5,0,0,Combo Pack,650.52,0
46,Medium,2,2,1,Trays,377.71,0
35,High,5,5,1,Combo Pack,805.9,1
19,Low,5,2,0,Plates,627.86,0
18,Low,1,7,0,Plates,574.0,0
22,Medium,4,4,1,Plates,769.16,1
37,High,5,1,0,Bowls,713.32,0
28,Low,5,3,0,Combo Pack,785.5,0
59,Low,4,8,1,Plates,931.93,1
19,Low,1,3,1,Trays,434.88,0
20,Low,4,9,1,Bowls,966.6,1
40,Medium,1,9,0,Trays,682.31,0
29,Medium,2,7,1,Combo Pack,633.96,1
37,Low,1,4,1,Spoons,331.9,0
22,Low,2,9,1,Trays,715.81,1
54,Low,2,0,1,Spoons,299.54,0
55,Low,1,6,1,Bowls,503.04,1
47,Medium,3,2,0,Trays,596.31,0
26,High,1,9,1,Trays,654.06,1
51,High,5,7,1,Bowls,1008.94,1
52,Low,5,2,0,Bowls,678.25,0
39,High,3,0,1,Plates,384.42,0
41,Medium,2,4,1,Combo Pack,433.55,0
34,Medium,3,1,0,Trays,412.88,0
27,Medium,5,3,1,Trays,776.35,1
47,Low,3,0,0,Bowls,400.38,0
40,Low,1,8,1,Bowls,647.15,1
49,Low,3,5,0,Combo Pack,659.06,0
34,Low,2,7,0,Bowls,632.38,0
34,Low,1,3,1,Spoons,457.41,0
31,Medium,4,8,0,Spoons,895.3,1
26,Medium,5,1,0,Spoons,708.15,0
57,Medium,5,8,1,Spoons,979.94,1
19,Low,3,4,1,Combo Pack,635.48,0
42,High,1,5,0,Trays,496.4,0
56,High,4,2,1,Spoons,610.42,1
26,Medium,1,3,0,Bowls,232.28,0
39,High,5,5,0,Spoons,850.91,1
21,Medium,1,6,1,Combo Pack,561.52,1
43,High,4,0,1,Bowls,526.37,1
46,Low,3,6,0,Spoons,722.29,0
51,Low,2,0,1,Trays,213.89,0
40,Low,1,4,1,Bowls,363.98,0
54,Low,2,5,0,Bowls,570.57,0
28,Low,5,1,0,Trays,670.52,0
23,Medium,3,9,0,Bowls,910.73,0
35,Medium,3,8,0,Spoons,792.76,0
38,Medium,1,9,0,Bowls,670.29,0
59,Low,3,5,0,Spoons,650.82,0
53,High,1,6,1,Trays,450.65,1
58,Medium,1,9,0,Plates,537.21,0
55,Low,2,7,1,Trays,671.55,1
51,Medium,3,9,1,Spoons,858.7,1
34,Low,1,0,0,Combo Pack,169.09,0
54,Low,2,7,1,Trays,569.04,1
42,High,4,3,0,Combo Pack,681.49,0
55,Low,2,9,1,Combo Pack,736.7,1
29,Medium,2,7,0,Spoons,677.84,0
40,High,1,5,0,Spoons,543.2,0
59,Medium,5,8,0,Plates,892.93,1
39,Low,5,3,0,Bowls,715.02,0
38,Low,5,1,1,Trays,639.53,1
44,Low,2,1,1,Spoons,422.74,0
48,Medium,1,4,1,Trays,318.18,0
23,Medium,3,9,1,Combo Pack,946.79,1
44,Low,2,8,1,Bowls,706.79,1
57,High,2,2,0,Plates,395.2,0
51,Medium,1,7,0,Trays,540.1,0
29,Low,4,3,0,Bowls,628.19,0
24,Medium,2,5,0,Plates,602.41,0
27,Medium,4,9,0,Trays,896.57,1
34,Low,4,5,1,Bowls,767.27,1
43,Low,5,2,0,Spoons,680.79,0
38,High,1,4,0,Trays,361.89,0
45,Medium,4,2,1,Bowls,729.3,1
19,Medium,1,0,1,Plates,220.95,0
18,Medium,5,6,0,Bowls,930.66,1
53,Low,1,3,0,Spoons,406.89,0
43,Low,2,6,1,Trays,528.93,1
46,Medium,4,2,0,Trays,687.61,0
38,Low,1,4,0,Trays,274.55,0
28,Low,3,4,0,Spoons,561.56,0
57,High,1,1,1,Plates,227.05,0
28,High,4,9,0,Trays,979.09,1
53,Medium,5,1,0,Plates,660.94,0
56,High,5,3,1,Bowls,741.66,1
57,Low,4,3,1,Plates,649.4,1
52,High,2,3,1,Plates,401.1,0
51,Low,2,5,0,Trays,475.14,0
41,High,5,1,1,Combo Pack,686.33,1
39,High,5,5,0,Combo Pack,884.69,1
22,Medium,4,6,1,Spoons,879.22,1
50,High,2,9,0,Spoons,710.5,0
53,Medium,5,2,1,Combo Pack,734.64,1
37,Low,2,7,0,Bowls,635.81,0
36,Medium,5,1,0,Trays,709.52,0
52,Medium,1,7,1,Trays,601.1,1
34,Low,3,4,1,Bowls,610.56,0
51,Medium,1,1,0,Bowls,233.02,0
26,High,5,6,1,Combo Pack,948.05,1
43,Low,3,1,0,Spoons,482.35,0
19,Medium,3,5,1,Bowls,615.78,1
26,High,5,9,1,Spoons,983.61,1
26,High,5,2,0,Plates,685.57,0
57,High,2,8,1,Trays,775.77,1
34,Medium,5,2,1,Combo Pack,757.32,1
18,High,4,2,0,Trays,544.38,0
42,Medium,5,4,0,Combo Pack,741.61,0
57,Low,4,6,1,Plates,863.73,1
59,Medium,5,7,0,Trays,893.22,1
42,Medium,2,6,1,Plates,625.46,1
56,Low,4,8,1,Combo Pack,869.2,1
52,Medium,1,4,0,Bowls,480.85,0
20,Medium,4,9,0,Trays,911.48,1
54,Low,2,2,0,Plates,457.17,0
47,Medium,4,5,0,Trays,759.24,1
55,Medium,5,4,0,Trays,812.61,0
51,Medium,5,3,0,Trays,651.48,0
29,Low,2,1,1,Spoons,239.85,0
36,Low,3,6,1,Plates,688.97,1
54,Low,5,4,0,Plates,812.35,0
34,High,1,3,1,Trays,293.74,0
27,Low,2,7,1,Bowls,595.57,1
29,Medium,4,8,1,Trays,928.07,1
33,Low,4,8,1,Spoons,928.14,1
41,Low,1,2,0,Combo Pack,293.11,0
36,High,5,2,1,Spoons,739.01,1
25,Medium,2,4,1,Bowls,441.29,0
48,Low,1,4,0,Trays,382.2,0
38,Medium,5,9,0,Plates,1132.39,1
34,Low,2,1,0,Trays,353.42,0
40,Medium,4,0,0,Bowls,506.32,0
54,Medium,2,7,1,Plates,765.3,1
33,Low,3,2,0,Spoons,430.03,0
23,Low,2,0,1,Combo Pack,339.82,0
25,Low,3,0,1,Combo Pack,483.2,0
42,High,2,1,0,Trays,333.76,0
35,High,3,5,0,Spoons,692.98,0
42,Low,4,5,0,Bowls,700.9,1
29,Medium,5,2,0,Combo Pack,665.66,0
32,Low,3,3,0,Spoons,569.25,0
43,Low,3,1,0,Trays,489.93,0
58,Medium,4,1,1,Plates,606.05,1
43,High,3,6,1,Trays,778.48,1
49,High,1,0,1,Trays,196.63,0
27,Medium,4,6,1,Spoons,859.68,1
33,Low,1,0,0,Combo Pack,182.88,0
24,Medium,4,5,0,Spoons,795.1,1
34,Low,3,2,1,Plates,510.37,0
40,Medium,1,7,1,Spoons,572.28,1
43,Low,3,5,1,Bowls,671.18,1
38,Medium,4,1,0,Trays,469.76,0
39,Low,3,7,0,Combo Pack,693.79,0
24,Low,1,4,0,Plates,405.13,0
31,High,1,7,1,Trays,465.64,1
32,Low,3,7,1,Spoons,791.56,1
24,Medium,2,5,0,Bowls,593.58,0
26,Low,4,1,0,Spoons,566.36,0
25,Low,4,7,1,Trays,793.94,1
40,Low,3,5,1,Plates,719.01,1
46,Low,2,5,0,Combo Pack,651.86,0
35,High,1,7,1,Trays,557.35,1
48,Low,5,0,0,Plates,625.53,0
47,High,5,1,0,Trays,660.09,0
56,Medium,3,8,1,Bowls,826.52,1
52,Medium,2,7,1,Spoons,644.02,1
35,Medium,2,6,1,Combo Pack,598.27,1
59,Medium,4,6,0,Plates,845.29,1
56,Medium,1,4,1,Combo Pack,517.28,0
34,Low,2,1,1,Combo Pack,280.0,0
31,Low,5,5,0,Combo Pack,844.81,1
48,High,1,9,0,Plates,590.98,0
41,High,1,2,1,Plates,379.6,0
52,High,3,3,0,Combo Pack,520.61,0
51,Medium,2,9,0,Spoons,677.84,0
20,Medium,3,1,0,Trays,481.91,0
54,Medium,2,1,1,Combo Pack,437.22,0
57,Medium,4,7,1,Bowls,883.18,1
43,Low,3,7,0,Combo Pack,760.24,0
40,Medium,3,9,0,Plates,870.46,0
56,Low,5,5,0,Trays,920.74,1
32,Low,3,4,1,Bowls,556.29,0
21,High,2,7,0,Trays,644.41,0
46,Low,5,3,0,Trays,727.37,0
39,Low,3,3,1,Bowls,491.61,0
42,Low,3,4,0,Combo Pack,583.58,0
30,High,4,0,1,Combo Pack,555.39,1
35,Medium,3,0,1,Combo Pack,428.33,0
50,Medium,1,1,1,Spoons,282.22,0
33,High,5,7,0,Combo Pack,957.32,1
59,High,1,6,0,Bowls,526.17,0
19,Low,5,9,1,Spoons,1009.97,1
52,Medium,4,8,0,Combo Pack,884.52,1
59,Medium,3,4,1,Spoons,609.6,0
51,Medium,3,1,0,Bowls,463.88,0
47,Low,3,6,1,Combo Pack,716.01,1
30,High,5,7,1,Plates,943.08,1
30,Medium,3,6,0,Bowls,681.13,0
35,Low,1,6,0,Trays,657.89,0
49,Medium,3,4,0,Trays,645.34,0
49,Low,4,1,0,Bowls,570.66,0
52,Low,1,5,1,Trays,438.34,1
56,Medium,3,3,1,Bowls,527.44,0
46,Low,3,9,0,Plates,843.46,0
46,Medium,2,1,0,Bowls,364.64,0
33,Medium,5,8,1,Combo Pack,905.98,1
27,Low,1,6,0,Combo Pack,421.53,0
47,High,2,5,0,Spoons,518.16,0
42,Low,4,4,0,Trays,710.36,0
56,Low,5,2,0,Trays,688.04,0
37,Low,1,9,1,Bowls,723.91,1
22,Low,3,9,1,Trays,775.88,1
18,Low,1,3,0,Combo Pack,312.43,0
47,Medium,3,2,1,Plates,576.0,0
20,High,5,7,0,Bowls,956.56,1
31,Low,3,2,0,Trays,544.24,0
47,Medium,4,6,0,Combo Pack,902.56,1
21,Medium,3,6,1,Spoons,665.31,1
35,High,4,6,1,Trays,795.03,1
54,Medium,5,6,1,Plates,886.38,1
42,Low,5,1,1,Plates,552.27,1
18,Low,1,9,1,Trays,634.48,1
32,Medium,4,2,0,Trays,644.05,0
26,High,4,9,0,Combo Pack,977.03,1
32,Low,2,8,1,Trays,730.95,1
41,Low,2,2,1,Spoons,381.22,0
21,High,2,1,1,Combo Pack,317.2,0
29,High,3,8,0,Bowls,863.46,0
54,High,2,9,1,Spoons,725.13,1
54,Medium,4,8,0,Combo Pack,914.7,1
23,Low,3,3,0,Combo Pack,558.17,0
56,Medium,5,8,1,Plates,1073.09,1
41,Medium,1,2,0,Combo Pack,348.57,0
28,Low,2,6,0,Spoons,535.24,0
30,Medium,5,6,1,Trays,840.62,1
51,Medium,4,7,0,Spoons,878.95,1
42,Low,1,9,1,Bowls,646.78,1
24,Medium,5,3,0,Combo Pack,727.24,0
21,Medium,1,2,1,Combo Pack,350.78,0
25,High,2,2,1,Combo Pack,409.37,0
37,Low,4,4,0,Combo Pack,702.62,0
46,Low,1,0,1,Plates,238.99,0
27,Medium,5,9,0,Plates,1031.24,1
51,Low,2,2,0,Trays,478.43,0
43,Medium,2,5,1,Combo Pack,510.6,1
58,Medium,5,2,0,Bowls,732.85,0
20,Low,5,4,1,Trays,871.69,1
23,Medium,1,8,0,Combo Pack,531.14,0
22,Medium,3,1,0,Plates,432.83,0
22,Low,2,1,1,Bowls,407.11,0
40,High,1,5,0,Trays,507.86,0
26,High,5,5,0,Bowls,841.43,1
52,Medium,1,7,0,Combo Pack,513.27,0
37,Medium,5,1,0,Spoons,697.8,0
59,Medium,4,8,0,Bowls,959.18,1
52,High,5,1,0,Bowls,591.77,0
35,Medium,5,0,0,Plates,539.8,0
34,Medium,5,9,0,Combo Pack,1061.26,1
41,High,3,1,1,Bowls,481.47,0
20,Low,5,6,0,Combo Pack,885.05,1
49,High,2,7,0,Plates,683.96,0
52,Low,2,4,1,Combo Pack,464.49,0
55,Low,1,5,1,Plates,344.27,1
30,Low,3,0,1,Plates,378.8,0
42,High,1,5,0,Trays,453.16,0
26,High,2,7,1,Combo Pack,636.21,1
21,Medium,2,2,1,Spoons,342.07,0
31,Medium,4,0,0,Trays,409.22,0
54,Medium,5,3,0,Plates,724.3,0
51,High,2,0,1,Spoons,344.88,0
28,Medium,1,7,1,Bowls,612.81,1
58,Low,1,4,0,Bowls,459.39,0
20,Low,5,0,0,Trays,559.2,0
45,Medium,5,7,0,Spoons,892.31,1
46,Medium,4,8,0,Combo Pack,924.83,1
26,Low,3,9,0,Spoons,881.76,0
20,Low,1,1,1,Trays,270.01,0
42,High,5,8,0,Combo Pack,899.3,1
51,Low,1,7,0,Combo Pack,506.66,0
29,Medium,5,6,0,Bowls,898.52,1
59,High,2,2,0,Spoons,424.36,0
26,Medium,1,1,0,Combo Pack,288.37,0
32,Low,2,6,1,Trays,607.21,1
57,Medium,1,4,0,Bowls,416.54,0
42,High,3,5,1,Combo Pack,654.24,1
22,Medium,4,3,0,Spoons,684.28,0
28,High,2,1,1,Bowls,365.64,0
51,Low,5,8,1,Spoons,1003.29,1
41,Medium,3,2,0,Spoons,486.58,0
32,Medium,1,6,0,Spoons,504.06,0
55,High,2,7,0,Bowls,674.23,0
25,Low,1,1,0,Combo Pack,263.37,0
22,High,1,5,0,Plates,469.04,0
43,Medium,1,7,1,Combo Pack,617.14,1
35,Low,4,6,0,Bowls,813.26,1
23,Low,4,2,0,Plates,567.55,0
54,High,5,0,1,Plates,644.18,1
30,Low,2,5,0,Plates,481.69,0
45,Low,3,7,1,Trays,695.93,1
22,Low,3,5,0,Bowls,666.79,0
30,High,3,4,1,Trays,625.82,0
34,Medium,1,7,0,Plates,487.75,0
57,Medium,4,1,1,Trays,530.86,1
49,Low,2,0,1,Trays,269.7,0
46,Medium,1,0,0,Bowls,175.67,0
20,Medium,4,3,0,Spoons,697.18,0
57,High,4,5,0,Trays,785.33,1
51,High,2,8,1,Trays,699.04,1
57,Low,2,0,1,Plates,272.7,0
44,Medium,2,0,1,Plates,232.52,0
30,Low,1,4,0,Plates,471.01,0
50,Medium,5,9,0,Combo Pack,1079.61,1
23,Low,2,4,1,Trays,464.67,0
41,Low,5,4,0,Plates,835.98,0
36,Low,1,9,1,Bowls,646.49,1
33,Medium,5,5,0,Combo Pack,835.64,1
57,Low,3,7,0,Spoons,771.76,0
45,Medium,5,2,1,Trays,662.93,1
50,Medium,2,8,0,Trays,682.81,0
58,Low,1,0,0,Bowls,206.07,0
30,Medium,2,3,0,Spoons,425.03,0
42,Low,3,8,0,Spoons,833.45,0
59,Medium,2,7,0,Combo Pack,743.45,0
53,Medium,2,9,1,Trays,712.29,1
44,Low,2,8,0,Plates,616.74,0
55,Low,4,0,1,Bowls,399.91,1
24,Low,3,8,0,Bowls,792.48,0
22,High,2,2,0,Bowls,366.84,0
48,Medium,2,9,1,Bowls,760.39,1
40,Medium,2,8,1,Plates,706.63,1
59,Medium,1,0,0,Plates,119.84,0
27,Low,4,0,0,Combo Pack,409.26,0
49,Medium,1,8,1,Trays,614.8,1
47,Medium,4,5,1,Plates,756.77,1
56,Low,2,3,1,Combo Pack,428.71,0
48,Low,3,6,1,Spoons,617.14,1
35,Low,5,4,0,Trays,823.57,0
53,Medium,5,9,0,Plates,1113.59,1
19,High,2,6,0,Spoons,613.9,0
31,Low,1,7,0,Combo Pack,507.63,0
30,Medium,3,7,0,Plates,752.23,0
46,Low,4,0,1,Plates,431.69,1
29,High,2,7,1,Spoons,702.9,1
56,Low,3,5,1,Plates,654.09,1
19,Medium,3,3,0,Bowls,461.59,0
49,Medium,4,7,1,Plates,834.97,1
30,Medium,3,2,0,Trays,523.17,0
44,Medium,1,3,0,Spoons,333.35,0
58,Low,1,5,0,Trays,436.21,0
34,Low,1,6,1,Combo Pack,438.78,1
57,Low,3,3,0,Trays,578.33,0
48,Low,1,3,0,Bowls,317.58,0
51,Medium,4,6,1,Bowls,692.18,1
41,Low,3,5,0,Trays,631.44,0
52,Low,5,7,1,Combo Pack,999.06,1
23,Medium,3,0,0,Plates,380.65,0
36,High,4,9,1,Bowls,1036.9,1
47,Medium,5,6,0,Trays,921.45,1
24,Low,3,6,0,Trays,716.94,0
27,Low,1,6,1,Trays,493.58,1
58,High,2,6,0,Plates,596.59,0
49,Low,2,9,1,Spoons,736.83,1
51,Low,1,9,0,Combo Pack,634.89,0
45,Medium,2,7,1,Spoons,676.54,1
32,Medium,2,8,0,Combo Pack,653.21,0
47,Medium,1,8,0,Combo Pack,546.21,0
54,Low,1,1,0,Trays,193.84,0
46,Low,3,6,1,Bowls,802.28,1
39,High,3,6,1,Trays,726.52,1
21,Low,1,3,1,Plates,365.22,0
37,Medium,4,8,1,Combo Pack,847.12,1
49,Medium,2,7,1,Bowls,681.17,1
53,Medium,3,0,0,Combo Pack,394.17,0
21,Low,2,1,0,Combo Pack,360.71,0
44,Low,5,1,0,Trays,601.17,0
34,Medium,1,7,0,Bowls,558.01,0
29,High,4,0,0,Bowls,478.81,0
39,High,5,3,1,Combo Pack,711.72,1
34,Low,5,9,0,Bowls,1086.71,1
27,Low,5,4,1,Bowls,723.11,1
18,High,1,8,0,Trays,628.24,0
39,Medium,3,6,1,Spoons,734.22,1
43,High,1,7,1,Plates,506.02,1
35,Low,3,8,1,Spoons,758.98,1
31,Medium,5,6,0,Bowls,888.85,1
46,Medium,5,4,0,Combo Pack,814.1,0
29,Medium,4,4,0,Plates,692.36,0
53,Medium,3,9,0,Plates,871.68,0
52,Low,5,5,1,Combo Pack,938.15,1
29,Medium,2,4,1,Plates,474.61,0
24,Low,4,8,1,Combo Pack,814.24,1
46,Medium,1,2,1,Plates,341.3,0
28,High,4,2,0,Spoons,684.17,0
50,Low,2,6,1,Plates,619.64,1
23,High,3,6,0,Trays,645.61,0
32,Low,1,5,1,Combo Pack,443.81,1
49,Medium,1,2,1,Plates,244.07,0
28,High,3,6,1,Combo Pack,732.14,1
40,Low,4,4,0,Trays,632.44,0
43,Low,5,6,0,Plates,884.99,1
51,Medium,4,1,1,Plates,499.78,1
51,Low,2,5,1,Trays,556.34,1
46,Medium,5,7,1,Trays,931.68,1
21,High,4,0,0,Trays,508.84,0
34,Medium,3,3,0,Combo Pack,551.12,0
52,Low,2,0,0,Trays,250.67,0
30,Medium,2,0,1,Combo Pack,331.34,0
58,Medium,2,9,0,Spoons,747.56,0
56,Low,5,7,1,Plates,900.57,1
32,Medium,1,6,0,Plates,612.05,0
46,Medium,5,9,1,Bowls,1073.82,1
46,Medium,4,0,1,Spoons,492.34,1
28,Low,1,1,0,Trays,320.76,0
49,Medium,4,3,1,Trays,742.09,1
19,Low,1,0,1,Spoons,192.73,0
31,Low,5,2,1,Trays,717.37,1
37,High,2,7,0,Bowls,600.6,0
39,Medium,3,7,1,Combo Pack,742.64,1
28,Low,2,7,0,Plates,640.05,0
44,Low,5,5,0,Spoons,859.24,1
20,Low,1,5,1,Plates,466.64,1
34,Low,2,4,0,Combo Pack,527.99,0
45,Low,5,8,1,Spoons,1011.88,1
46,Low,4,3,0,Combo Pack,589.46,0
38,Medium,3,9,1,Trays,803.08,1
33,Medium,2,6,0,Trays,572.68,0
54,Medium,1,0,1,Trays,185.89,0
37,Medium,4,8,1,Combo Pack,952.54,1
23,Low,5,6,1,Combo Pack,841.85,1
36,High,3,9,1,Combo Pack,832.13,1
22,High,1,8,0,Plates,647.65,0
20,High,5,6,0,Combo Pack,885.01,1
18,High,5,1,1,Trays,673.02,1
55,High,2,5,0,Bowls,543.02,0
32,Medium,2,9,1,Combo Pack,762.84,1
51,Low,1,3,1,Bowls,338.58,0
52,Medium,5,2,0,Trays,733.35,0
42,Medium,2,1,0,Combo Pack,272.75,0
41,Medium,3,5,1,Plates,631.83,1
29,Medium,3,7,0,Plates,764.83,0
35,Low,5,5,1,Bowls,876.68,1
32,Low,2,8,0,Plates,774.65,0
33,High,1,4,0,Plates,380.45,0
44,Medium,1,1,0,Plates,323.97,0
25,Medium,1,7,0,Trays,517.05,0
42,Low,3,8,0,Plates,866.43,0
34,Low,2,9,1,Spoons,790.87,1
46,High,2,3,0,Combo Pack,404.33,0
25,Medium,3,5,0,Plates,665.35,0
32,Medium,1,9,1,Plates,647.44,1
44,Medium,1,7,1,Plates,581.28,1
24,Medium,5,8,1,Spoons,988.84,1
20,Low,4,4,0,Plates,684.64,0
46,Medium,2,5,0,Plates,618.45,0
41,Medium,2,3,1,Combo Pack,445.06,0
20,Medium,2,4,1,Spoons,541.32,0
37,Medium,4,6,1,Spoons,788.73,1
32,High,5,8,1,Plates,1083.33,1
42,Low,4,9,0,Spoons,916.08,1
47,High,1,5,0,Bowls,419.29,0
31,Low,1,5,0,Spoons,526.23,0
24,Medium,2,7,0,Spoons,627.75,0
34,Low,3,3,0,Spoons,630.05,0
37,Low,2,2,1,Trays,444.59,0
53,Medium,3,6,0,Trays,692.27,0
26,Low,4,4,1,Trays,609.34,1
55,Medium,1,1,1,Spoons,249.03,0
39,High,3,1,1,Bowls,455.08,0
19,Low,4,5,0,Spoons,808.36,1
41,Medium,1,7,1,Plates,629.42,1
25,Medium,3,0,0,Bowls,365.75,0
28,Medium,2,5,1,Trays,590.06,1
30,Low,2,1,0,Combo Pack,388.27,0
34,Low,2,1,1,Bowls,403.67,0
25,Low,4,6,0,Trays,824.93,1
38,Low,2,9,1,Bowls,652.88,1
35,Low,5,0,1,Bowls,592.23,1
47,Medium,1,5,1,Spoons,392.21,1
35,High,4,6,1,Plates,789.87,1
48,High,2,7,0,Combo Pack,699.0,0
55,Medium,1,6,0,Trays,515.26,0
49,Low,3,5,0,Bowls,707.4,0
28,Low,2,8,1,Combo Pack,717.09,1
42,Low,1,2,1,Bowls,235.08,0
50,Low,5,5,1,Plates,723.96,1
55,Medium,3,3,1,Combo Pack,557.44,0
58,Medium,5,1,1,Trays,639.3,1
25,Low,1,0,1,Bowls,151.15,0
28,Low,5,0,0,Plates,514.97,0
39,High,1,9,0,Combo Pack,613.26,0
41,Medium,1,2,0,Bowls,290.28,0
58,Low,5,3,0,Bowls,783.29,0
34,High,1,1,0,Trays,259.43,0
29,High,2,0,0,Plates,380.4,0
49,Low,1,3,0,Spoons,298.22,0
32,Low,4,6,0,Bowls,844.05,1
33,Medium,1,9,1,Combo Pack,652.36,1
39,High,4,5,1,Trays,784.73,1
45,High,1,5,1,Trays,428.17,1
37,Low,1,8,1,Bowls,653.58,1
50,Low,5,1,1,Bowls,664.76,1
27,Medium,2,3,1,Bowls,416.03,0
57,Medium,2,4,1,Spoons,499.4,0
49,Low,3,0,0,Bowls,388.02,0
50,High,5,7,0,Plates,974.46,1
19,Medium,5,7,1,Combo Pack,891.01,1
50,High,2,5,0,Bowls,548.53,0
50,High,5,4,0,Spoons,819.77,0
58,Medium,2,7,0,Combo Pack,651.65,0
30,Medium,5,2,0,Trays,767.35,0
47,Medium,1,2,0,Bowls,338.7,0
50,Low,2,1,1,Combo Pack,349.63,0
30,Medium,2,4,0,Trays,510.83,0
43,Low,4,2,1,Spoons,614.78,1
39,Medium,5,2,1,Plates,720.16,1
56,Low,5,5,1,Bowls,758.72,1
19,Low,2,7,0,Plates,634.92,0
55,Low,1,1,1,Spoons,175.78,0
56,Low,1,3,1,Combo Pack,413.91,0
43,Medium,1,6,1,Combo Pack,496.96,1
32,Medium,5,0,1,Spoons,590.33,1
51,Medium,4,0,0,Spoons,544.84,0
59,Low,2,9,1,Bowls,771.12,1
57,Low,3,6,1,Trays,643.57,1
28,Low,4,6,1,Plates,796.45,1
20,Low,3,0,1,Plates,383.24,0
23,High,4,0,0,Combo Pack,412.77,0
26,Low,1,3,1,Combo Pack,315.49,0
23,Low,5,4,1,Bowls,790.82,1
26,Low,3,4,1,Spoons,594.25,0
56,Low,4,3,1,Plates,575.89,1
48,Medium,5,7,1,Bowls,1007.58,1
49,Medium,3,6,1,Combo Pack,694.89,1
58,Low,2,8,0,Combo Pack,701.88,0
29,Low,4,6,1,Plates,820.03,1
25,Low,2,9,0,Combo Pack,710.6,0
25,Low,1,0,0,Combo Pack,222.82,0
45,Low,2,6,1,Trays,581.65,1
37,High,2,0,0,Spoons,255.17,0
24,Medium,4,6,1,Combo Pack,828.67,1
28,Medium,1,9,0,Trays,724.58,0
37,Medium,2,7,1,Bowls,686.24,1
33,Medium,5,8,0,Combo Pack,1046.15,1
21,Medium,3,2,0,Bowls,473.97,0
23,Medium,2,3,1,Combo Pack,370.12,0
39,Medium,1,3,0,Plates,424.51,0
43,Low,2,8,0,Trays,802.73,0
20,Medium,3,6,0,Trays,777.14,0
58,Medium,1,2,0,Plates,283.21,0
59,High,4,9,0,Spoons,892.27,1
31,Medium,1,4,1,Trays,346.72,0
28,Medium,4,6,0,Bowls,715.81,1
35,Low,1,7,0,Trays,544.63,0
29,Medium,3,0,1,Spoons,480.28,0
40,Low,3,1,1,Bowls,442.92,0
29,Low,1,6,1,Bowls,515.12,1
30,Low,2,1,0,Plates,418.78,0
42,Medium,3,6,0,Combo Pack,679.8,0
36,Low,4,8,0,Plates,1001.78,1
53,Low,4,1,0,Combo Pack,649.6,0
25,High,5,6,1,Plates,893.44,1
46,Low,4,3,1,Combo Pack,621.12,1
49,Medium,5,1,0,Trays,684.86,0
35,Medium,1,6,0,Bowls,482.62,0
23,Low,1,4,0,Combo Pack,342.17,0
35,Medium,1,0,0,Trays,264.06,0
36,Low,2,4,1,Spoons,560.82,0
39,Medium,2,2,1,Plates,407.78,0
54,Medium,5,6,0,Spoons,836.86,1
49,Medium,4,5,1,Trays,688.52,1
58,Medium,4,7,0,Spoons,855.36,1
20,Low,1,4,0,Spoons,375.01,0
45,Low,3,1,1,Trays,432.95,0
27,Medium,2,8,0,Bowls,751.1,0
52,Medium,2,7,1,Combo Pack,686.66,1
46,High,1,5,0,Plates,518.91,0
32,High,2,9,1,Combo Pack,700.47,1
50,High,1,6,0,Plates,482.84,0
24,Medium,5,8,1,Combo Pack,1037.95,1
29,Low,4,6,0,Spoons,822.4,1
47,Medium,3,2,0,Bowls,576.62,0
38,Medium,4,5,1,Spoons,771.03,1
48,Low,4,6,0,Bowls,892.41,1
41,High,5,1,1,Trays,677.0,1
37,High,2,2,1,Plates,453.11,0
54,Medium,3,3,0,Plates,533.82,0
21,Low,2,9,0,Trays,750.71,0
45,Low,4,5,0,Combo Pack,795.55,1
37,High,1,0,0,Trays,280.65,0
41,High,4,8,1,Trays,936.46,1
49,Low,2,4,0,Bowls,495.84,0
58,Low,4,6,0,Trays,868.87,1
53,High,1,8,0,Plates,490.4,0
51,Low,5,8,1,Spoons,928.89,1
53,Medium,2,0,0,Bowls,334.08,0
19,High,4,0,1,Bowls,500.71,1
32,Low,2,2,0,Combo Pack,430.28,0
51,Medium,5,5,1,Spoons,853.22,1
53,Low,4,1,0,Bowls,578.55,0
23,Low,4,9,0,Trays,909.28,1
56,High,2,0,1,Bowls,328.52,0
59,Medium,2,0,0,Bowls,349.72,0
29,High,1,4,0,Bowls,461.03,0
20,Medium,5,3,0,Combo Pack,850.68,0
35,Low,1,0,1,Bowls,212.2,0
57,Low,4,3,0,Bowls,663.7,0
38,Low,2,2,1,Combo Pack,323.84,0
32,Low,4,1,1,Spoons,523.43,1
50,Low,4,8,1,Plates,890.35,1
52,Low,3,0,0,Combo Pack,452.52,0
43,Medium,3,6,1,Combo Pack,669.45,1
25,Medium,4,3,1,Bowls,689.82,1
53,Medium,2,4,0,Bowls,499.92,0
47,Medium,4,9,1,Plates,941.14,1
40,Low,3,4,1,Bowls,612.44,0
59,Low,2,0,0,Trays,280.44,0
31,Medium,4,5,0,Bowls,728.55,1
31,Medium,5,8,1,Bowls,914.76,1
19,Low,5,1,0,Trays,637.6,0
54,High,4,6,0,Plates,776.0,1
22,Medium,2,5,0,Trays,524.2,0
55,Medium,4,4,1,Combo Pack,720.84,1
58,Low,4,3,1,Trays,682.93,1
31,Medium,3,3,0,Spoons,561.61,0
56,Medium,5,5,1,Combo Pack,899.77,1
42,Medium,3,3,0,Bowls,578.78,0
37,Medium,3,4,0,Combo Pack,585.25,0
19,High,4,5,0,Plates,726.86,1
56,Medium,3,4,0,Plates,615.64,0
23,Low,5,6,0,Trays,928.69,1
34,Medium,3,8,1,Combo Pack,869.89,1
42,Medium,5,9,1,Bowls,1109.56,1
45,Medium,3,6,1,Plates,672.93,1
19,Low,5,6,1,Bowls,894.9,1
52,Low,3,3,0,Spoons,583.55,0
54,High,3,0,0,Plates,453.4,0
22,Medium,2,7,1,Trays,696.95,1
18,High,5,3,1,Spoons,746.81,1
57,Medium,5,0,0,Combo Pack,537.3,0
29,Medium,5,4,0,Bowls,750.05,0
53,Medium,1,7,0,Plates,563.63,0
40,High,3,3,1,Spoons,567.11,0
48,Medium,5,7,0,Spoons,895.07,1
28,Medium,1,7,0,Plates,552.23,0
27,Low,2,2,1,Combo Pack,431.56,0
20,Medium,5,8,1,Combo Pack,942.44,1
31,Medium,5,2,1,Trays,755.25,1
33,Low,1,0,0,Combo Pack,181.12,0
27,Low,3,1,0,Trays,512.88,0
46,Low,2,5,1,Spoons,523.33,1
27,Low,5,9,0,Plates,998.67,1
29,Low,3,1,0,Combo Pack,427.09,0
47,Medium,2,5,0,Trays,545.24,0
58,High,4,0,1,Spoons,480.58,1
18,Medium,4,0,1,Combo Pack,489.2,1
22,Low,2,4,0,Bowls,516.7,0
37,Low,1,9,0,Spoons,641.44,0
25,Medium,2,8,0,Combo Pack,696.69,0
29,Low,2,7,0,Spoons,564.54,0
18,High,1,2,1,Plates,319.58,0
37,Medium,1,2,1,Plates,295.54,0
45,Medium,3,0,0,Plates,480.51,0
54,Low,3,2,0,Bowls,453.02,0
54,Medium,1,0,1,Plates,109.59,0
29,Low,4,7,0,Bowls,880.9,1
54,High,4,0,1,Plates,517.33,1
45,Medium,2,4,0,Spoons,449.58,0
32,Low,5,8,1,Combo Pack,923.51,1
23,Low,2,6,0,Combo Pack,676.87,0
37,Low,2,3,0,Plates,520.71,0
31,Medium,5,8,1,Combo Pack,875.63,1
19,Low,1,8,1,Plates,577.09,1
26,Medium,4,1,0,Plates,633.21,0
54,Low,2,9,0,Trays,726.2,0
37,Medium,5,9,1,Trays,1025.47,1
43,High,3,5,1,Trays,635.86,1
46,Medium,2,3,0,Bowls,393.96,0
18,Medium,4,7,0,Trays,764.76,1
52,Low,1,6,1,Plates,552.63,1
23,Low,2,6,1,Spoons,507.85,1
54,Medium,2,9,1,Trays,762.36,1
22,Low,5,8,1,Trays,1044.33,1
50,Medium,3,4,1,Spoons,527.44,0
31,Low,3,5,0,Plates,603.79,0
29,Low,1,0,0,Bowls,260.66,0
59,Low,4,5,1,Trays,776.64,1
37,High,1,1,0,Spoons,219.14,0
41,Low,2,5,0,Plates,610.11,0
51,Medium,2,8,1,Combo Pack,760.33,1
42,Low,3,7,0,Bowls,763.45,0
46,Medium,4,8,0,Spoons,854.99,1
56,Low,5,9,0,Spoons,1029.33,1
48,High,4,7,1,Spoons,864.32,1
40,High,2,2,1,Trays,390.57,0
55,Low,5,7,0,Combo Pack,996.95,1
37,High,4,5,0,Bowls,673.51,1
40,High,4,5,0,Plates,675.29,1
33,High,5,5,0,Plates,859.04,1
59,High,2,2,0,Combo Pack,375.42,0
25,Low,4,9,0,Spoons,918.65,1
38,Medium,5,0,1,Spoons,511.6,1
18,Low,2,3,0,Spoons,450.98,0
25,Low,5,9,0,Spoons,1047.36,1
46,High,5,5,1,Spoons,882.67,1
49,Low,4,9,0,Combo Pack,953.45,1
55,Medium,2,1,0,Trays,343.37,0
22,High,4,6,0,Bowls,858.85,1
39,High,1,6,0,Spoons,434.38,0
51,High,1,3,1,Trays,376.82,0
18,Low,2,3,0,Plates,366.44,0
43,Low,5,0,1,Combo Pack,558.08,1
27,Medium,4,1,0,Trays,489.37,0
47,Low,4,8,0,Spoons,939.1,1
35,Low,2,9,1,Spoons,746.73,1
34,Low,2,7,0,Spoons,649.32,0
43,Medium,1,7,1,Trays,494.66,1
25,Medium,3,8,1,Spoons,785.02,1
57,Low,2,6,1,Trays,561.83,1
29,Medium,3,8,0,Spoons,819.17,0
44,Low,2,9,0,Plates,700.45,0
25,Low,5,1,0,Plates,716.49,0
42,Medium,5,5,0,Bowls,766.22,1
21,Medium,1,2,1,Spoons,259.67,0
50,Medium,1,5,0,Spoons,533.86,0
18,Low,3,2,0,Trays,478.24,0
36,High,2,7,1,Trays,584.26,1
48,Medium,4,3,1,Spoons,660.95,1
33,Medium,1,9,0,Bowls,626.23,0
31,Medium,4,5,1,Spoons,708.21,1
22,High,4,8,1,Trays,845.21,1
58,Medium,2,1,1,Spoons,488.42,0
43,Medium,3,1,1,Trays,437.42,0
45,High,2,6,1,Spoons,503.72,1
19,Medium,1,1,0,Combo Pack,324.69,0
23,Medium,4,1,0,Trays,580.55,0
26,Medium,2,3,0,Bowls,411.68,0
50,Low,2,8,0,Combo Pack,653.34,0
58,Low,2,7,0,Spoons,683.67,0
42,Medium,1,1,0,Trays,237.65,0
30,High,3,7,0,Combo Pack,653.7,0
26,High,2,3,1,Bowls,539.36,0
30,Low,1,1,0,Trays,228.3,0
48,Medium,4,9,0,Combo Pack,1024.78,1
58,Low,5,6,0,Combo Pack,963.92,1
28,High,1,5,1,Combo Pack,399.95,1
21,High,5,9,0,Plates,1101.66,1
51,Medium,2,4,0,Spoons,467.43,0
55,High,2,0,1,Trays,206.66,0
21,Medium,1,1,0,Trays,228.77,0
55,Medium,5,7,0,Trays,969.88,1
36,Low,2,0,1,Combo Pack,276.86,0
23,Medium,4,2,0,Spoons,584.65,0
51,Medium,3,1,1,Bowls,507.18,0
35,Medium,3,4,0,Trays,605.32,0
30,Low,2,3,0,Spoons,407.84,0
58,High,5,6,0,Spoons,935.1,1
40,Low,2,4,1,Plates,509.88,0
36,Medium,5,7,1,Trays,823.92,1
28,Medium,4,3,1,Combo Pack,671.42,1
18,Medium,5,5,0,Spoons,869.59,1
41,Medium,2,3,0,Spoons,451.01,0
24,Low,4,1,1,Bowls,594.59,1
42,Low,1,0,1,Plates,166.38,0
38,Medium,3,0,0,Spoons,416.82,0
32,Medium,2,7,0,Spoons,571.65,0
18,Low,2,3,0,Combo Pack,470.35,0
29,Medium,2,4,0,Combo Pack,597.65,0
24,Medium,4,7,1,Bowls,800.26,1
32,Medium,1,6,0,Bowls,462.01,0
38,High,5,7,0,Bowls,914.5,1
36,Low,1,7,0,Combo Pack,556.5,0
46,Low,4,5,0,Combo Pack,696.85,1
42,Medium,2,9,0,Plates,771.06,0
50,Medium,3,1,0,Trays,492.34,0
49,Medium,2,5,0,Trays,576.72,0
52,High,5,0,1,Plates,511.58,1
55,High,3,0,1,Trays,449.76,0
43,High,2,2,1,Combo Pack,446.87,0
28,Medium,3,2,0,Trays,541.51,0
52,Medium,1,4,1,Combo Pack,418.64,0
25,Medium,4,0,0,Plates,511.01,0
31,Low,2,9,0,Bowls,801.62,0
27,Medium,5,5,0,Plates,946.18,1
19,Low,1,6,0,Trays,452.35,0
26,High,2,9,1,Combo Pack,803.91,1
20,Medium,1,2,0,Trays,295.69,0
38,Medium,5,3,0,Trays,743.52,0
43,Low,2,9,1,Bowls,673.17,1
25,Low,5,9,1,Trays,1035.76,1
19,Low,3,9,1,Bowls,800.14,1
23,Medium,5,9,0,Combo Pack,1026.81,1
45,Low,3,9,1,Combo Pack,795.09,1
46,Medium,2,2,0,Bowls,377.55,0
43,High,3,0,0,Plates,379.69,0
42,High,2,7,1,Combo Pack,654.84,1
29,Medium,2,9,1,Plates,669.26,1
22,Low,4,9,1,Combo Pack,877.72,1
51,High,2,1,0,Combo Pack,368.1,0
54,High,3,0,0,Spoons,360.13,0
32,Low,4,7,0,Trays,903.73,1
53,Medium,4,6,0,Trays,811.26,1
32,Low,2,6,0,Plates,630.34,0
40,High,5,3,0,Trays,820.53,0
23,High,5,8,1,Plates,984.51,1
38,Low,4,5,0,Combo Pack,721.28,1
40,High,2,1,1,Spoons,393.59,0
33,Medium,5,0,1,Spoons,625.48,1
32,High,2,0,1,Combo Pack,290.63,0
42,Medium,2,8,1,Bowls,769.57,1
53,High,4,3,1,Bowls,639.39,1
28,Low,4,4,0,Trays,701.64,0
32,Low,1,2,0,Plates,301.06,0
21,Low,5,3,0,Spoons,703.27,0
38,High,5,7,0,Trays,953.88,1
30,High,5,3,1,Combo Pack,819.84,1
39,High,3,8,1,Spoons,822.25,1
36,High,2,8,1,Plates,701.55,1
51,Low,4,5,0,Plates,741.91,1
31,Low,5,1,0,Bowls,666.54,0
21,Low,1,9,0,Trays,687.49,0
44,Low,5,6,0,Combo Pack,930.46,1
46,Low,2,8,1,Spoons,683.41,1
45,Medium,2,5,1,Plates,566.24,1
52,Low,4,2,0,Spoons,624.0,0
25,Low,3,6,0,Combo Pack,649.64,0
33,Low,4,4,1,Spoons,708.41,1
59,Low,5,0,1,Trays,491.93,1
53,High,1,2,1,Bowls,324.13,0
47,Medium,4,4,1,Spoons,733.02,1
35,High,3,6,0,Bowls,737.38,0
19,Medium,4,2,1,Combo Pack,580.25,1
30,Low,2,5,1,Bowls,565.45,1
21,Medium,5,4,1,Spoons,871.2,1
43,Low,5,0,1,Spoons,670.69,1
42,Low,5,9,0,Plates,1048.54,1
47,Low,5,5,0,Spoons,856.97,1
28,Low,5,7,0,Bowls,1005.55,1
24,Low,5,0,0,Plates,524.96,0
